[0.069s] DEBUG:colcon:Command line arguments: ['/usr/bin/colcon', 'build', '--packages-select', 'dongsoo_interfaces']
[0.069s] DEBUG:colcon:Parsed command line arguments: Namespace(log_base=None, log_level=None, verb_name='build', build_base='build', install_base='install', merge_install=False, symlink_install=False, test_result_base=None, continue_on_error=False, executor='parallel', parallel_workers=32, event_handlers=None, ignore_user_meta=False, metas=['./colcon.meta'], base_paths=['.'], packages_ignore=None, packages_ignore_regex=None, paths=None, packages_up_to=None, packages_up_to_regex=None, packages_above=None, packages_above_and_dependencies=None, packages_above_depth=None, packages_select_by_dep=None, packages_skip_by_dep=None, packages_skip_up_to=None, packages_select_build_failed=False, packages_skip_build_finished=False, packages_select_test_failures=False, packages_skip_test_passed=False, packages_select=['dongsoo_interfaces'], packages_skip=None, packages_select_regex=None, packages_skip_regex=None, packages_start=None, packages_end=None, allow_overriding=[], cmake_args=None, cmake_target=None, cmake_target_skip_unavailable=False, cmake_clean_cache=False, cmake_clean_first=False, cmake_force_configure=False, ament_cmake_args=None, catkin_cmake_args=None, catkin_skip_building_tests=False, mixin_files=None, mixin=None, verb_parser=<colcon_mixin.mixin.mixin_argument.MixinArgumentDecorator object at 0x7f07dac6efb0>, verb_extension=<colcon_core.verb.build.BuildVerb object at 0x7f07dade08b0>, main=<bound method BuildVerb.main of <colcon_core.verb.build.BuildVerb object at 0x7f07dade08b0>>, mixin_verb=('build',))
[0.153s] Level 1:colcon.colcon_core.package_discovery:discover_packages(colcon_meta) check parameters
[0.153s] Level 1:colcon.colcon_core.package_discovery:discover_packages(recursive) check parameters
[0.153s] Level 1:colcon.colcon_core.package_discovery:discover_packages(ignore) check parameters
[0.153s] Level 1:colcon.colcon_core.package_discovery:discover_packages(path) check parameters
[0.153s] Level 1:colcon.colcon_core.package_discovery:discover_packages(colcon_meta) discover
[0.153s] Level 1:colcon.colcon_core.package_discovery:discover_packages(recursive) discover
[0.153s] INFO:colcon.colcon_core.package_discovery:Crawling recursively for packages in '/home/pc/soomac_ws'
[0.153s] Level 1:colcon.colcon_core.package_identification:_identify(.) by extensions ['ignore', 'ignore_ament_install']
[0.153s] Level 1:colcon.colcon_core.package_identification:_identify(.) by extension 'ignore'
[0.153s] Level 1:colcon.colcon_core.package_identification:_identify(.) by extension 'ignore_ament_install'
[0.153s] Level 1:colcon.colcon_core.package_identification:_identify(.) by extensions ['colcon_pkg']
[0.153s] Level 1:colcon.colcon_core.package_identification:_identify(.) by extension 'colcon_pkg'
[0.153s] Level 1:colcon.colcon_core.package_identification:_identify(.) by extensions ['colcon_meta']
[0.153s] Level 1:colcon.colcon_core.package_identification:_identify(.) by extension 'colcon_meta'
[0.153s] Level 1:colcon.colcon_core.package_identification:_identify(.) by extensions ['ros']
[0.153s] Level 1:colcon.colcon_core.package_identification:_identify(.) by extension 'ros'
[0.162s] Level 1:colcon.colcon_core.package_identification:_identify(.) by extensions ['cmake', 'python']
[0.163s] Level 1:colcon.colcon_core.package_identification:_identify(.) by extension 'cmake'
[0.163s] Level 1:colcon.colcon_core.package_identification:_identify(.) by extension 'python'
[0.163s] Level 1:colcon.colcon_core.package_identification:_identify(.) by extensions ['python_setup_py']
[0.163s] Level 1:colcon.colcon_core.package_identification:_identify(.) by extension 'python_setup_py'
[0.163s] Level 1:colcon.colcon_core.package_identification:_identify(build) by extensions ['ignore', 'ignore_ament_install']
[0.163s] Level 1:colcon.colcon_core.package_identification:_identify(build) by extension 'ignore'
[0.163s] Level 1:colcon.colcon_core.package_identification:_identify(build) ignored
[0.163s] Level 1:colcon.colcon_core.package_identification:_identify(etc) by extensions ['ignore', 'ignore_ament_install']
[0.163s] Level 1:colcon.colcon_core.package_identification:_identify(etc) by extension 'ignore'
[0.163s] Level 1:colcon.colcon_core.package_identification:_identify(etc) by extension 'ignore_ament_install'
[0.163s] Level 1:colcon.colcon_core.package_identification:_identify(etc) by extensions ['colcon_pkg']
[0.163s] Level 1:colcon.colcon_core.package_identification:_identify(etc) by extension 'colcon_pkg'
[0.163s] Level 1:colcon.colcon_core.package_identification:_identify(etc) by extensions ['colcon_meta']
[0.163s] Level 1:colcon.colcon_core.package_identification:_identify(etc) by extension 'colcon_meta'
[0.163s] Level 1:colcon.colcon_core.package_identification:_identify(etc) by extensions ['ros']
[0.163s] Level 1:colcon.colcon_core.package_identification:_identify(etc) by extension 'ros'
[0.163s] Level 1:colcon.colcon_core.package_identification:_identify(etc) by extensions ['cmake', 'python']
[0.163s] Level 1:colcon.colcon_core.package_identification:_identify(etc) by extension 'cmake'
[0.163s] Level 1:colcon.colcon_core.package_identification:_identify(etc) by extension 'python'
[0.163s] Level 1:colcon.colcon_core.package_identification:_identify(etc) by extensions ['python_setup_py']
[0.163s] Level 1:colcon.colcon_core.package_identification:_identify(etc) by extension 'python_setup_py'
[0.163s] Level 1:colcon.colcon_core.package_identification:_identify(etc/test_ws) by extensions ['ignore', 'ignore_ament_install']
[0.163s] Level 1:colcon.colcon_core.package_identification:_identify(etc/test_ws) by extension 'ignore'
[0.163s] Level 1:colcon.colcon_core.package_identification:_identify(etc/test_ws) by extension 'ignore_ament_install'
[0.163s] Level 1:colcon.colcon_core.package_identification:_identify(etc/test_ws) by extensions ['colcon_pkg']
[0.163s] Level 1:colcon.colcon_core.package_identification:_identify(etc/test_ws) by extension 'colcon_pkg'
[0.163s] Level 1:colcon.colcon_core.package_identification:_identify(etc/test_ws) by extensions ['colcon_meta']
[0.163s] Level 1:colcon.colcon_core.package_identification:_identify(etc/test_ws) by extension 'colcon_meta'
[0.163s] Level 1:colcon.colcon_core.package_identification:_identify(etc/test_ws) by extensions ['ros']
[0.163s] Level 1:colcon.colcon_core.package_identification:_identify(etc/test_ws) by extension 'ros'
[0.163s] Level 1:colcon.colcon_core.package_identification:_identify(etc/test_ws) by extensions ['cmake', 'python']
[0.163s] Level 1:colcon.colcon_core.package_identification:_identify(etc/test_ws) by extension 'cmake'
[0.163s] Level 1:colcon.colcon_core.package_identification:_identify(etc/test_ws) by extension 'python'
[0.163s] Level 1:colcon.colcon_core.package_identification:_identify(etc/test_ws) by extensions ['python_setup_py']
[0.163s] Level 1:colcon.colcon_core.package_identification:_identify(etc/test_ws) by extension 'python_setup_py'
[0.163s] Level 1:colcon.colcon_core.package_identification:_identify(etc/test_ws/build) by extensions ['ignore', 'ignore_ament_install']
[0.163s] Level 1:colcon.colcon_core.package_identification:_identify(etc/test_ws/build) by extension 'ignore'
[0.163s] Level 1:colcon.colcon_core.package_identification:_identify(etc/test_ws/build) by extension 'ignore_ament_install'
[0.163s] Level 1:colcon.colcon_core.package_identification:_identify(etc/test_ws/build) by extensions ['colcon_pkg']
[0.163s] Level 1:colcon.colcon_core.package_identification:_identify(etc/test_ws/build) by extension 'colcon_pkg'
[0.163s] Level 1:colcon.colcon_core.package_identification:_identify(etc/test_ws/build) by extensions ['colcon_meta']
[0.163s] Level 1:colcon.colcon_core.package_identification:_identify(etc/test_ws/build) by extension 'colcon_meta'
[0.163s] Level 1:colcon.colcon_core.package_identification:_identify(etc/test_ws/build) by extensions ['ros']
[0.163s] Level 1:colcon.colcon_core.package_identification:_identify(etc/test_ws/build) by extension 'ros'
[0.163s] Level 1:colcon.colcon_core.package_identification:_identify(etc/test_ws/build) by extensions ['cmake', 'python']
[0.163s] Level 1:colcon.colcon_core.package_identification:_identify(etc/test_ws/build) by extension 'cmake'
[0.163s] Level 1:colcon.colcon_core.package_identification:_identify(etc/test_ws/build) by extension 'python'
[0.163s] Level 1:colcon.colcon_core.package_identification:_identify(etc/test_ws/build) by extensions ['python_setup_py']
[0.163s] Level 1:colcon.colcon_core.package_identification:_identify(etc/test_ws/build) by extension 'python_setup_py'
[0.163s] Level 1:colcon.colcon_core.package_identification:_identify(etc/test_ws/build/dongsoo_description) by extensions ['ignore', 'ignore_ament_install']
[0.163s] Level 1:colcon.colcon_core.package_identification:_identify(etc/test_ws/build/dongsoo_description) by extension 'ignore'
[0.163s] Level 1:colcon.colcon_core.package_identification:_identify(etc/test_ws/build/dongsoo_description) by extension 'ignore_ament_install'
[0.164s] Level 1:colcon.colcon_core.package_identification:_identify(etc/test_ws/build/dongsoo_description) by extensions ['colcon_pkg']
[0.164s] Level 1:colcon.colcon_core.package_identification:_identify(etc/test_ws/build/dongsoo_description) by extension 'colcon_pkg'
[0.164s] Level 1:colcon.colcon_core.package_identification:_identify(etc/test_ws/build/dongsoo_description) by extensions ['colcon_meta']
[0.164s] Level 1:colcon.colcon_core.package_identification:_identify(etc/test_ws/build/dongsoo_description) by extension 'colcon_meta'
[0.164s] Level 1:colcon.colcon_core.package_identification:_identify(etc/test_ws/build/dongsoo_description) by extensions ['ros']
[0.164s] Level 1:colcon.colcon_core.package_identification:_identify(etc/test_ws/build/dongsoo_description) by extension 'ros'
[0.164s] Level 1:colcon.colcon_core.package_identification:_identify(etc/test_ws/build/dongsoo_description) by extensions ['cmake', 'python']
[0.164s] Level 1:colcon.colcon_core.package_identification:_identify(etc/test_ws/build/dongsoo_description) by extension 'cmake'
[0.164s] Level 1:colcon.colcon_core.package_identification:_identify(etc/test_ws/build/dongsoo_description) by extension 'python'
[0.164s] Level 1:colcon.colcon_core.package_identification:_identify(etc/test_ws/build/dongsoo_description) by extensions ['python_setup_py']
[0.164s] Level 1:colcon.colcon_core.package_identification:_identify(etc/test_ws/build/dongsoo_description) by extension 'python_setup_py'
[0.164s] Level 1:colcon.colcon_core.package_identification:_identify(etc/test_ws/build/dongsoo_description/CMakeFiles) by extensions ['ignore', 'ignore_ament_install']
[0.164s] Level 1:colcon.colcon_core.package_identification:_identify(etc/test_ws/build/dongsoo_description/CMakeFiles) by extension 'ignore'
[0.164s] Level 1:colcon.colcon_core.package_identification:_identify(etc/test_ws/build/dongsoo_description/CMakeFiles) by extension 'ignore_ament_install'
[0.164s] Level 1:colcon.colcon_core.package_identification:_identify(etc/test_ws/build/dongsoo_description/CMakeFiles) by extensions ['colcon_pkg']
[0.164s] Level 1:colcon.colcon_core.package_identification:_identify(etc/test_ws/build/dongsoo_description/CMakeFiles) by extension 'colcon_pkg'
[0.164s] Level 1:colcon.colcon_core.package_identification:_identify(etc/test_ws/build/dongsoo_description/CMakeFiles) by extensions ['colcon_meta']
[0.164s] Level 1:colcon.colcon_core.package_identification:_identify(etc/test_ws/build/dongsoo_description/CMakeFiles) by extension 'colcon_meta'
[0.164s] Level 1:colcon.colcon_core.package_identification:_identify(etc/test_ws/build/dongsoo_description/CMakeFiles) by extensions ['ros']
[0.164s] Level 1:colcon.colcon_core.package_identification:_identify(etc/test_ws/build/dongsoo_description/CMakeFiles) by extension 'ros'
[0.164s] Level 1:colcon.colcon_core.package_identification:_identify(etc/test_ws/build/dongsoo_description/CMakeFiles) by extensions ['cmake', 'python']
[0.164s] Level 1:colcon.colcon_core.package_identification:_identify(etc/test_ws/build/dongsoo_description/CMakeFiles) by extension 'cmake'
[0.164s] Level 1:colcon.colcon_core.package_identification:_identify(etc/test_ws/build/dongsoo_description/CMakeFiles) by extension 'python'
[0.164s] Level 1:colcon.colcon_core.package_identification:_identify(etc/test_ws/build/dongsoo_description/CMakeFiles) by extensions ['python_setup_py']
[0.164s] Level 1:colcon.colcon_core.package_identification:_identify(etc/test_ws/build/dongsoo_description/CMakeFiles) by extension 'python_setup_py'
[0.164s] Level 1:colcon.colcon_core.package_identification:_identify(etc/test_ws/build/dongsoo_description/CMakeFiles/3.22.1) by extensions ['ignore', 'ignore_ament_install']
[0.164s] Level 1:colcon.colcon_core.package_identification:_identify(etc/test_ws/build/dongsoo_description/CMakeFiles/3.22.1) by extension 'ignore'
[0.164s] Level 1:colcon.colcon_core.package_identification:_identify(etc/test_ws/build/dongsoo_description/CMakeFiles/3.22.1) by extension 'ignore_ament_install'
[0.164s] Level 1:colcon.colcon_core.package_identification:_identify(etc/test_ws/build/dongsoo_description/CMakeFiles/3.22.1) by extensions ['colcon_pkg']
[0.164s] Level 1:colcon.colcon_core.package_identification:_identify(etc/test_ws/build/dongsoo_description/CMakeFiles/3.22.1) by extension 'colcon_pkg'
[0.164s] Level 1:colcon.colcon_core.package_identification:_identify(etc/test_ws/build/dongsoo_description/CMakeFiles/3.22.1) by extensions ['colcon_meta']
[0.164s] Level 1:colcon.colcon_core.package_identification:_identify(etc/test_ws/build/dongsoo_description/CMakeFiles/3.22.1) by extension 'colcon_meta'
[0.164s] Level 1:colcon.colcon_core.package_identification:_identify(etc/test_ws/build/dongsoo_description/CMakeFiles/3.22.1) by extensions ['ros']
[0.164s] Level 1:colcon.colcon_core.package_identification:_identify(etc/test_ws/build/dongsoo_description/CMakeFiles/3.22.1) by extension 'ros'
[0.164s] Level 1:colcon.colcon_core.package_identification:_identify(etc/test_ws/build/dongsoo_description/CMakeFiles/3.22.1) by extensions ['cmake', 'python']
[0.164s] Level 1:colcon.colcon_core.package_identification:_identify(etc/test_ws/build/dongsoo_description/CMakeFiles/3.22.1) by extension 'cmake'
[0.164s] Level 1:colcon.colcon_core.package_identification:_identify(etc/test_ws/build/dongsoo_description/CMakeFiles/3.22.1) by extension 'python'
[0.164s] Level 1:colcon.colcon_core.package_identification:_identify(etc/test_ws/build/dongsoo_description/CMakeFiles/3.22.1) by extensions ['python_setup_py']
[0.164s] Level 1:colcon.colcon_core.package_identification:_identify(etc/test_ws/build/dongsoo_description/CMakeFiles/3.22.1) by extension 'python_setup_py'
[0.164s] Level 1:colcon.colcon_core.package_identification:_identify(etc/test_ws/build/dongsoo_description/CMakeFiles/3.22.1/CompilerIdC) by extensions ['ignore', 'ignore_ament_install']
[0.164s] Level 1:colcon.colcon_core.package_identification:_identify(etc/test_ws/build/dongsoo_description/CMakeFiles/3.22.1/CompilerIdC) by extension 'ignore'
[0.164s] Level 1:colcon.colcon_core.package_identification:_identify(etc/test_ws/build/dongsoo_description/CMakeFiles/3.22.1/CompilerIdC) by extension 'ignore_ament_install'
[0.164s] Level 1:colcon.colcon_core.package_identification:_identify(etc/test_ws/build/dongsoo_description/CMakeFiles/3.22.1/CompilerIdC) by extensions ['colcon_pkg']
[0.164s] Level 1:colcon.colcon_core.package_identification:_identify(etc/test_ws/build/dongsoo_description/CMakeFiles/3.22.1/CompilerIdC) by extension 'colcon_pkg'
[0.164s] Level 1:colcon.colcon_core.package_identification:_identify(etc/test_ws/build/dongsoo_description/CMakeFiles/3.22.1/CompilerIdC) by extensions ['colcon_meta']
[0.164s] Level 1:colcon.colcon_core.package_identification:_identify(etc/test_ws/build/dongsoo_description/CMakeFiles/3.22.1/CompilerIdC) by extension 'colcon_meta'
[0.164s] Level 1:colcon.colcon_core.package_identification:_identify(etc/test_ws/build/dongsoo_description/CMakeFiles/3.22.1/CompilerIdC) by extensions ['ros']
[0.164s] Level 1:colcon.colcon_core.package_identification:_identify(etc/test_ws/build/dongsoo_description/CMakeFiles/3.22.1/CompilerIdC) by extension 'ros'
[0.164s] Level 1:colcon.colcon_core.package_identification:_identify(etc/test_ws/build/dongsoo_description/CMakeFiles/3.22.1/CompilerIdC) by extensions ['cmake', 'python']
[0.164s] Level 1:colcon.colcon_core.package_identification:_identify(etc/test_ws/build/dongsoo_description/CMakeFiles/3.22.1/CompilerIdC) by extension 'cmake'
[0.164s] Level 1:colcon.colcon_core.package_identification:_identify(etc/test_ws/build/dongsoo_description/CMakeFiles/3.22.1/CompilerIdC) by extension 'python'
[0.164s] Level 1:colcon.colcon_core.package_identification:_identify(etc/test_ws/build/dongsoo_description/CMakeFiles/3.22.1/CompilerIdC) by extensions ['python_setup_py']
[0.164s] Level 1:colcon.colcon_core.package_identification:_identify(etc/test_ws/build/dongsoo_description/CMakeFiles/3.22.1/CompilerIdC) by extension 'python_setup_py'
[0.164s] Level 1:colcon.colcon_core.package_identification:_identify(etc/test_ws/build/dongsoo_description/CMakeFiles/3.22.1/CompilerIdC/tmp) by extensions ['ignore', 'ignore_ament_install']
[0.164s] Level 1:colcon.colcon_core.package_identification:_identify(etc/test_ws/build/dongsoo_description/CMakeFiles/3.22.1/CompilerIdC/tmp) by extension 'ignore'
[0.165s] Level 1:colcon.colcon_core.package_identification:_identify(etc/test_ws/build/dongsoo_description/CMakeFiles/3.22.1/CompilerIdC/tmp) by extension 'ignore_ament_install'
[0.165s] Level 1:colcon.colcon_core.package_identification:_identify(etc/test_ws/build/dongsoo_description/CMakeFiles/3.22.1/CompilerIdC/tmp) by extensions ['colcon_pkg']
[0.165s] Level 1:colcon.colcon_core.package_identification:_identify(etc/test_ws/build/dongsoo_description/CMakeFiles/3.22.1/CompilerIdC/tmp) by extension 'colcon_pkg'
[0.165s] Level 1:colcon.colcon_core.package_identification:_identify(etc/test_ws/build/dongsoo_description/CMakeFiles/3.22.1/CompilerIdC/tmp) by extensions ['colcon_meta']
[0.165s] Level 1:colcon.colcon_core.package_identification:_identify(etc/test_ws/build/dongsoo_description/CMakeFiles/3.22.1/CompilerIdC/tmp) by extension 'colcon_meta'
[0.165s] Level 1:colcon.colcon_core.package_identification:_identify(etc/test_ws/build/dongsoo_description/CMakeFiles/3.22.1/CompilerIdC/tmp) by extensions ['ros']
[0.165s] Level 1:colcon.colcon_core.package_identification:_identify(etc/test_ws/build/dongsoo_description/CMakeFiles/3.22.1/CompilerIdC/tmp) by extension 'ros'
[0.165s] Level 1:colcon.colcon_core.package_identification:_identify(etc/test_ws/build/dongsoo_description/CMakeFiles/3.22.1/CompilerIdC/tmp) by extensions ['cmake', 'python']
[0.165s] Level 1:colcon.colcon_core.package_identification:_identify(etc/test_ws/build/dongsoo_description/CMakeFiles/3.22.1/CompilerIdC/tmp) by extension 'cmake'
[0.165s] Level 1:colcon.colcon_core.package_identification:_identify(etc/test_ws/build/dongsoo_description/CMakeFiles/3.22.1/CompilerIdC/tmp) by extension 'python'
[0.165s] Level 1:colcon.colcon_core.package_identification:_identify(etc/test_ws/build/dongsoo_description/CMakeFiles/3.22.1/CompilerIdC/tmp) by extensions ['python_setup_py']
[0.165s] Level 1:colcon.colcon_core.package_identification:_identify(etc/test_ws/build/dongsoo_description/CMakeFiles/3.22.1/CompilerIdC/tmp) by extension 'python_setup_py'
[0.165s] Level 1:colcon.colcon_core.package_identification:_identify(etc/test_ws/build/dongsoo_description/CMakeFiles/3.22.1/CompilerIdCXX) by extensions ['ignore', 'ignore_ament_install']
[0.165s] Level 1:colcon.colcon_core.package_identification:_identify(etc/test_ws/build/dongsoo_description/CMakeFiles/3.22.1/CompilerIdCXX) by extension 'ignore'
[0.165s] Level 1:colcon.colcon_core.package_identification:_identify(etc/test_ws/build/dongsoo_description/CMakeFiles/3.22.1/CompilerIdCXX) by extension 'ignore_ament_install'
[0.165s] Level 1:colcon.colcon_core.package_identification:_identify(etc/test_ws/build/dongsoo_description/CMakeFiles/3.22.1/CompilerIdCXX) by extensions ['colcon_pkg']
[0.165s] Level 1:colcon.colcon_core.package_identification:_identify(etc/test_ws/build/dongsoo_description/CMakeFiles/3.22.1/CompilerIdCXX) by extension 'colcon_pkg'
[0.165s] Level 1:colcon.colcon_core.package_identification:_identify(etc/test_ws/build/dongsoo_description/CMakeFiles/3.22.1/CompilerIdCXX) by extensions ['colcon_meta']
[0.165s] Level 1:colcon.colcon_core.package_identification:_identify(etc/test_ws/build/dongsoo_description/CMakeFiles/3.22.1/CompilerIdCXX) by extension 'colcon_meta'
[0.165s] Level 1:colcon.colcon_core.package_identification:_identify(etc/test_ws/build/dongsoo_description/CMakeFiles/3.22.1/CompilerIdCXX) by extensions ['ros']
[0.165s] Level 1:colcon.colcon_core.package_identification:_identify(etc/test_ws/build/dongsoo_description/CMakeFiles/3.22.1/CompilerIdCXX) by extension 'ros'
[0.165s] Level 1:colcon.colcon_core.package_identification:_identify(etc/test_ws/build/dongsoo_description/CMakeFiles/3.22.1/CompilerIdCXX) by extensions ['cmake', 'python']
[0.165s] Level 1:colcon.colcon_core.package_identification:_identify(etc/test_ws/build/dongsoo_description/CMakeFiles/3.22.1/CompilerIdCXX) by extension 'cmake'
[0.165s] Level 1:colcon.colcon_core.package_identification:_identify(etc/test_ws/build/dongsoo_description/CMakeFiles/3.22.1/CompilerIdCXX) by extension 'python'
[0.165s] Level 1:colcon.colcon_core.package_identification:_identify(etc/test_ws/build/dongsoo_description/CMakeFiles/3.22.1/CompilerIdCXX) by extensions ['python_setup_py']
[0.165s] Level 1:colcon.colcon_core.package_identification:_identify(etc/test_ws/build/dongsoo_description/CMakeFiles/3.22.1/CompilerIdCXX) by extension 'python_setup_py'
[0.165s] Level 1:colcon.colcon_core.package_identification:_identify(etc/test_ws/build/dongsoo_description/CMakeFiles/3.22.1/CompilerIdCXX/tmp) by extensions ['ignore', 'ignore_ament_install']
[0.165s] Level 1:colcon.colcon_core.package_identification:_identify(etc/test_ws/build/dongsoo_description/CMakeFiles/3.22.1/CompilerIdCXX/tmp) by extension 'ignore'
[0.165s] Level 1:colcon.colcon_core.package_identification:_identify(etc/test_ws/build/dongsoo_description/CMakeFiles/3.22.1/CompilerIdCXX/tmp) by extension 'ignore_ament_install'
[0.165s] Level 1:colcon.colcon_core.package_identification:_identify(etc/test_ws/build/dongsoo_description/CMakeFiles/3.22.1/CompilerIdCXX/tmp) by extensions ['colcon_pkg']
[0.165s] Level 1:colcon.colcon_core.package_identification:_identify(etc/test_ws/build/dongsoo_description/CMakeFiles/3.22.1/CompilerIdCXX/tmp) by extension 'colcon_pkg'
[0.165s] Level 1:colcon.colcon_core.package_identification:_identify(etc/test_ws/build/dongsoo_description/CMakeFiles/3.22.1/CompilerIdCXX/tmp) by extensions ['colcon_meta']
[0.165s] Level 1:colcon.colcon_core.package_identification:_identify(etc/test_ws/build/dongsoo_description/CMakeFiles/3.22.1/CompilerIdCXX/tmp) by extension 'colcon_meta'
[0.165s] Level 1:colcon.colcon_core.package_identification:_identify(etc/test_ws/build/dongsoo_description/CMakeFiles/3.22.1/CompilerIdCXX/tmp) by extensions ['ros']
[0.165s] Level 1:colcon.colcon_core.package_identification:_identify(etc/test_ws/build/dongsoo_description/CMakeFiles/3.22.1/CompilerIdCXX/tmp) by extension 'ros'
[0.165s] Level 1:colcon.colcon_core.package_identification:_identify(etc/test_ws/build/dongsoo_description/CMakeFiles/3.22.1/CompilerIdCXX/tmp) by extensions ['cmake', 'python']
[0.165s] Level 1:colcon.colcon_core.package_identification:_identify(etc/test_ws/build/dongsoo_description/CMakeFiles/3.22.1/CompilerIdCXX/tmp) by extension 'cmake'
[0.165s] Level 1:colcon.colcon_core.package_identification:_identify(etc/test_ws/build/dongsoo_description/CMakeFiles/3.22.1/CompilerIdCXX/tmp) by extension 'python'
[0.165s] Level 1:colcon.colcon_core.package_identification:_identify(etc/test_ws/build/dongsoo_description/CMakeFiles/3.22.1/CompilerIdCXX/tmp) by extensions ['python_setup_py']
[0.165s] Level 1:colcon.colcon_core.package_identification:_identify(etc/test_ws/build/dongsoo_description/CMakeFiles/3.22.1/CompilerIdCXX/tmp) by extension 'python_setup_py'
[0.165s] Level 1:colcon.colcon_core.package_identification:_identify(etc/test_ws/build/dongsoo_description/CMakeFiles/CMakeTmp) by extensions ['ignore', 'ignore_ament_install']
[0.165s] Level 1:colcon.colcon_core.package_identification:_identify(etc/test_ws/build/dongsoo_description/CMakeFiles/CMakeTmp) by extension 'ignore'
[0.165s] Level 1:colcon.colcon_core.package_identification:_identify(etc/test_ws/build/dongsoo_description/CMakeFiles/CMakeTmp) by extension 'ignore_ament_install'
[0.165s] Level 1:colcon.colcon_core.package_identification:_identify(etc/test_ws/build/dongsoo_description/CMakeFiles/CMakeTmp) by extensions ['colcon_pkg']
[0.165s] Level 1:colcon.colcon_core.package_identification:_identify(etc/test_ws/build/dongsoo_description/CMakeFiles/CMakeTmp) by extension 'colcon_pkg'
[0.165s] Level 1:colcon.colcon_core.package_identification:_identify(etc/test_ws/build/dongsoo_description/CMakeFiles/CMakeTmp) by extensions ['colcon_meta']
[0.165s] Level 1:colcon.colcon_core.package_identification:_identify(etc/test_ws/build/dongsoo_description/CMakeFiles/CMakeTmp) by extension 'colcon_meta'
[0.165s] Level 1:colcon.colcon_core.package_identification:_identify(etc/test_ws/build/dongsoo_description/CMakeFiles/CMakeTmp) by extensions ['ros']
[0.165s] Level 1:colcon.colcon_core.package_identification:_identify(etc/test_ws/build/dongsoo_description/CMakeFiles/CMakeTmp) by extension 'ros'
[0.165s] Level 1:colcon.colcon_core.package_identification:_identify(etc/test_ws/build/dongsoo_description/CMakeFiles/CMakeTmp) by extensions ['cmake', 'python']
[0.165s] Level 1:colcon.colcon_core.package_identification:_identify(etc/test_ws/build/dongsoo_description/CMakeFiles/CMakeTmp) by extension 'cmake'
[0.165s] Level 1:colcon.colcon_core.package_identification:_identify(etc/test_ws/build/dongsoo_description/CMakeFiles/CMakeTmp) by extension 'python'
[0.165s] Level 1:colcon.colcon_core.package_identification:_identify(etc/test_ws/build/dongsoo_description/CMakeFiles/CMakeTmp) by extensions ['python_setup_py']
[0.165s] Level 1:colcon.colcon_core.package_identification:_identify(etc/test_ws/build/dongsoo_description/CMakeFiles/CMakeTmp) by extension 'python_setup_py'
[0.165s] Level 1:colcon.colcon_core.package_identification:_identify(etc/test_ws/build/dongsoo_description/ament_lint_cmake) by extensions ['ignore', 'ignore_ament_install']
[0.166s] Level 1:colcon.colcon_core.package_identification:_identify(etc/test_ws/build/dongsoo_description/ament_lint_cmake) by extension 'ignore'
[0.166s] Level 1:colcon.colcon_core.package_identification:_identify(etc/test_ws/build/dongsoo_description/ament_lint_cmake) by extension 'ignore_ament_install'
[0.166s] Level 1:colcon.colcon_core.package_identification:_identify(etc/test_ws/build/dongsoo_description/ament_lint_cmake) by extensions ['colcon_pkg']
[0.166s] Level 1:colcon.colcon_core.package_identification:_identify(etc/test_ws/build/dongsoo_description/ament_lint_cmake) by extension 'colcon_pkg'
[0.166s] Level 1:colcon.colcon_core.package_identification:_identify(etc/test_ws/build/dongsoo_description/ament_lint_cmake) by extensions ['colcon_meta']
[0.166s] Level 1:colcon.colcon_core.package_identification:_identify(etc/test_ws/build/dongsoo_description/ament_lint_cmake) by extension 'colcon_meta'
[0.166s] Level 1:colcon.colcon_core.package_identification:_identify(etc/test_ws/build/dongsoo_description/ament_lint_cmake) by extensions ['ros']
[0.166s] Level 1:colcon.colcon_core.package_identification:_identify(etc/test_ws/build/dongsoo_description/ament_lint_cmake) by extension 'ros'
[0.166s] Level 1:colcon.colcon_core.package_identification:_identify(etc/test_ws/build/dongsoo_description/ament_lint_cmake) by extensions ['cmake', 'python']
[0.166s] Level 1:colcon.colcon_core.package_identification:_identify(etc/test_ws/build/dongsoo_description/ament_lint_cmake) by extension 'cmake'
[0.166s] Level 1:colcon.colcon_core.package_identification:_identify(etc/test_ws/build/dongsoo_description/ament_lint_cmake) by extension 'python'
[0.166s] Level 1:colcon.colcon_core.package_identification:_identify(etc/test_ws/build/dongsoo_description/ament_lint_cmake) by extensions ['python_setup_py']
[0.166s] Level 1:colcon.colcon_core.package_identification:_identify(etc/test_ws/build/dongsoo_description/ament_lint_cmake) by extension 'python_setup_py'
[0.166s] Level 1:colcon.colcon_core.package_identification:_identify(etc/test_ws/build/dongsoo_description/ament_xmllint) by extensions ['ignore', 'ignore_ament_install']
[0.166s] Level 1:colcon.colcon_core.package_identification:_identify(etc/test_ws/build/dongsoo_description/ament_xmllint) by extension 'ignore'
[0.166s] Level 1:colcon.colcon_core.package_identification:_identify(etc/test_ws/build/dongsoo_description/ament_xmllint) by extension 'ignore_ament_install'
[0.166s] Level 1:colcon.colcon_core.package_identification:_identify(etc/test_ws/build/dongsoo_description/ament_xmllint) by extensions ['colcon_pkg']
[0.166s] Level 1:colcon.colcon_core.package_identification:_identify(etc/test_ws/build/dongsoo_description/ament_xmllint) by extension 'colcon_pkg'
[0.166s] Level 1:colcon.colcon_core.package_identification:_identify(etc/test_ws/build/dongsoo_description/ament_xmllint) by extensions ['colcon_meta']
[0.166s] Level 1:colcon.colcon_core.package_identification:_identify(etc/test_ws/build/dongsoo_description/ament_xmllint) by extension 'colcon_meta'
[0.166s] Level 1:colcon.colcon_core.package_identification:_identify(etc/test_ws/build/dongsoo_description/ament_xmllint) by extensions ['ros']
[0.166s] Level 1:colcon.colcon_core.package_identification:_identify(etc/test_ws/build/dongsoo_description/ament_xmllint) by extension 'ros'
[0.166s] Level 1:colcon.colcon_core.package_identification:_identify(etc/test_ws/build/dongsoo_description/ament_xmllint) by extensions ['cmake', 'python']
[0.166s] Level 1:colcon.colcon_core.package_identification:_identify(etc/test_ws/build/dongsoo_description/ament_xmllint) by extension 'cmake'
[0.166s] Level 1:colcon.colcon_core.package_identification:_identify(etc/test_ws/build/dongsoo_description/ament_xmllint) by extension 'python'
[0.166s] Level 1:colcon.colcon_core.package_identification:_identify(etc/test_ws/build/dongsoo_description/ament_xmllint) by extensions ['python_setup_py']
[0.166s] Level 1:colcon.colcon_core.package_identification:_identify(etc/test_ws/build/dongsoo_description/ament_xmllint) by extension 'python_setup_py'
[0.166s] Level 1:colcon.colcon_core.package_identification:_identify(etc/test_ws/build/dongsoo_interfaces) by extensions ['ignore', 'ignore_ament_install']
[0.166s] Level 1:colcon.colcon_core.package_identification:_identify(etc/test_ws/build/dongsoo_interfaces) by extension 'ignore'
[0.166s] Level 1:colcon.colcon_core.package_identification:_identify(etc/test_ws/build/dongsoo_interfaces) by extension 'ignore_ament_install'
[0.166s] Level 1:colcon.colcon_core.package_identification:_identify(etc/test_ws/build/dongsoo_interfaces) by extensions ['colcon_pkg']
[0.166s] Level 1:colcon.colcon_core.package_identification:_identify(etc/test_ws/build/dongsoo_interfaces) by extension 'colcon_pkg'
[0.166s] Level 1:colcon.colcon_core.package_identification:_identify(etc/test_ws/build/dongsoo_interfaces) by extensions ['colcon_meta']
[0.166s] Level 1:colcon.colcon_core.package_identification:_identify(etc/test_ws/build/dongsoo_interfaces) by extension 'colcon_meta'
[0.166s] Level 1:colcon.colcon_core.package_identification:_identify(etc/test_ws/build/dongsoo_interfaces) by extensions ['ros']
[0.166s] Level 1:colcon.colcon_core.package_identification:_identify(etc/test_ws/build/dongsoo_interfaces) by extension 'ros'
[0.166s] Level 1:colcon.colcon_core.package_identification:_identify(etc/test_ws/build/dongsoo_interfaces) by extensions ['cmake', 'python']
[0.166s] Level 1:colcon.colcon_core.package_identification:_identify(etc/test_ws/build/dongsoo_interfaces) by extension 'cmake'
[0.166s] Level 1:colcon.colcon_core.package_identification:_identify(etc/test_ws/build/dongsoo_interfaces) by extension 'python'
[0.166s] Level 1:colcon.colcon_core.package_identification:_identify(etc/test_ws/build/dongsoo_interfaces) by extensions ['python_setup_py']
[0.166s] Level 1:colcon.colcon_core.package_identification:_identify(etc/test_ws/build/dongsoo_interfaces) by extension 'python_setup_py'
[0.166s] Level 1:colcon.colcon_core.package_identification:_identify(etc/test_ws/build/dongsoo_interfaces/CMakeFiles) by extensions ['ignore', 'ignore_ament_install']
[0.166s] Level 1:colcon.colcon_core.package_identification:_identify(etc/test_ws/build/dongsoo_interfaces/CMakeFiles) by extension 'ignore'
[0.166s] Level 1:colcon.colcon_core.package_identification:_identify(etc/test_ws/build/dongsoo_interfaces/CMakeFiles) by extension 'ignore_ament_install'
[0.166s] Level 1:colcon.colcon_core.package_identification:_identify(etc/test_ws/build/dongsoo_interfaces/CMakeFiles) by extensions ['colcon_pkg']
[0.166s] Level 1:colcon.colcon_core.package_identification:_identify(etc/test_ws/build/dongsoo_interfaces/CMakeFiles) by extension 'colcon_pkg'
[0.166s] Level 1:colcon.colcon_core.package_identification:_identify(etc/test_ws/build/dongsoo_interfaces/CMakeFiles) by extensions ['colcon_meta']
[0.166s] Level 1:colcon.colcon_core.package_identification:_identify(etc/test_ws/build/dongsoo_interfaces/CMakeFiles) by extension 'colcon_meta'
[0.166s] Level 1:colcon.colcon_core.package_identification:_identify(etc/test_ws/build/dongsoo_interfaces/CMakeFiles) by extensions ['ros']
[0.166s] Level 1:colcon.colcon_core.package_identification:_identify(etc/test_ws/build/dongsoo_interfaces/CMakeFiles) by extension 'ros'
[0.166s] Level 1:colcon.colcon_core.package_identification:_identify(etc/test_ws/build/dongsoo_interfaces/CMakeFiles) by extensions ['cmake', 'python']
[0.166s] Level 1:colcon.colcon_core.package_identification:_identify(etc/test_ws/build/dongsoo_interfaces/CMakeFiles) by extension 'cmake'
[0.166s] Level 1:colcon.colcon_core.package_identification:_identify(etc/test_ws/build/dongsoo_interfaces/CMakeFiles) by extension 'python'
[0.166s] Level 1:colcon.colcon_core.package_identification:_identify(etc/test_ws/build/dongsoo_interfaces/CMakeFiles) by extensions ['python_setup_py']
[0.166s] Level 1:colcon.colcon_core.package_identification:_identify(etc/test_ws/build/dongsoo_interfaces/CMakeFiles) by extension 'python_setup_py'
[0.166s] Level 1:colcon.colcon_core.package_identification:_identify(etc/test_ws/build/dongsoo_interfaces/CMakeFiles/3.22.1) by extensions ['ignore', 'ignore_ament_install']
[0.167s] Level 1:colcon.colcon_core.package_identification:_identify(etc/test_ws/build/dongsoo_interfaces/CMakeFiles/3.22.1) by extension 'ignore'
[0.167s] Level 1:colcon.colcon_core.package_identification:_identify(etc/test_ws/build/dongsoo_interfaces/CMakeFiles/3.22.1) by extension 'ignore_ament_install'
[0.167s] Level 1:colcon.colcon_core.package_identification:_identify(etc/test_ws/build/dongsoo_interfaces/CMakeFiles/3.22.1) by extensions ['colcon_pkg']
[0.167s] Level 1:colcon.colcon_core.package_identification:_identify(etc/test_ws/build/dongsoo_interfaces/CMakeFiles/3.22.1) by extension 'colcon_pkg'
[0.167s] Level 1:colcon.colcon_core.package_identification:_identify(etc/test_ws/build/dongsoo_interfaces/CMakeFiles/3.22.1) by extensions ['colcon_meta']
[0.167s] Level 1:colcon.colcon_core.package_identification:_identify(etc/test_ws/build/dongsoo_interfaces/CMakeFiles/3.22.1) by extension 'colcon_meta'
[0.167s] Level 1:colcon.colcon_core.package_identification:_identify(etc/test_ws/build/dongsoo_interfaces/CMakeFiles/3.22.1) by extensions ['ros']
[0.167s] Level 1:colcon.colcon_core.package_identification:_identify(etc/test_ws/build/dongsoo_interfaces/CMakeFiles/3.22.1) by extension 'ros'
[0.167s] Level 1:colcon.colcon_core.package_identification:_identify(etc/test_ws/build/dongsoo_interfaces/CMakeFiles/3.22.1) by extensions ['cmake', 'python']
[0.167s] Level 1:colcon.colcon_core.package_identification:_identify(etc/test_ws/build/dongsoo_interfaces/CMakeFiles/3.22.1) by extension 'cmake'
[0.167s] Level 1:colcon.colcon_core.package_identification:_identify(etc/test_ws/build/dongsoo_interfaces/CMakeFiles/3.22.1) by extension 'python'
[0.167s] Level 1:colcon.colcon_core.package_identification:_identify(etc/test_ws/build/dongsoo_interfaces/CMakeFiles/3.22.1) by extensions ['python_setup_py']
[0.167s] Level 1:colcon.colcon_core.package_identification:_identify(etc/test_ws/build/dongsoo_interfaces/CMakeFiles/3.22.1) by extension 'python_setup_py'
[0.167s] Level 1:colcon.colcon_core.package_identification:_identify(etc/test_ws/build/dongsoo_interfaces/CMakeFiles/3.22.1/CompilerIdC) by extensions ['ignore', 'ignore_ament_install']
[0.167s] Level 1:colcon.colcon_core.package_identification:_identify(etc/test_ws/build/dongsoo_interfaces/CMakeFiles/3.22.1/CompilerIdC) by extension 'ignore'
[0.167s] Level 1:colcon.colcon_core.package_identification:_identify(etc/test_ws/build/dongsoo_interfaces/CMakeFiles/3.22.1/CompilerIdC) by extension 'ignore_ament_install'
[0.167s] Level 1:colcon.colcon_core.package_identification:_identify(etc/test_ws/build/dongsoo_interfaces/CMakeFiles/3.22.1/CompilerIdC) by extensions ['colcon_pkg']
[0.167s] Level 1:colcon.colcon_core.package_identification:_identify(etc/test_ws/build/dongsoo_interfaces/CMakeFiles/3.22.1/CompilerIdC) by extension 'colcon_pkg'
[0.167s] Level 1:colcon.colcon_core.package_identification:_identify(etc/test_ws/build/dongsoo_interfaces/CMakeFiles/3.22.1/CompilerIdC) by extensions ['colcon_meta']
[0.167s] Level 1:colcon.colcon_core.package_identification:_identify(etc/test_ws/build/dongsoo_interfaces/CMakeFiles/3.22.1/CompilerIdC) by extension 'colcon_meta'
[0.167s] Level 1:colcon.colcon_core.package_identification:_identify(etc/test_ws/build/dongsoo_interfaces/CMakeFiles/3.22.1/CompilerIdC) by extensions ['ros']
[0.167s] Level 1:colcon.colcon_core.package_identification:_identify(etc/test_ws/build/dongsoo_interfaces/CMakeFiles/3.22.1/CompilerIdC) by extension 'ros'
[0.167s] Level 1:colcon.colcon_core.package_identification:_identify(etc/test_ws/build/dongsoo_interfaces/CMakeFiles/3.22.1/CompilerIdC) by extensions ['cmake', 'python']
[0.167s] Level 1:colcon.colcon_core.package_identification:_identify(etc/test_ws/build/dongsoo_interfaces/CMakeFiles/3.22.1/CompilerIdC) by extension 'cmake'
[0.167s] Level 1:colcon.colcon_core.package_identification:_identify(etc/test_ws/build/dongsoo_interfaces/CMakeFiles/3.22.1/CompilerIdC) by extension 'python'
[0.167s] Level 1:colcon.colcon_core.package_identification:_identify(etc/test_ws/build/dongsoo_interfaces/CMakeFiles/3.22.1/CompilerIdC) by extensions ['python_setup_py']
[0.167s] Level 1:colcon.colcon_core.package_identification:_identify(etc/test_ws/build/dongsoo_interfaces/CMakeFiles/3.22.1/CompilerIdC) by extension 'python_setup_py'
[0.167s] Level 1:colcon.colcon_core.package_identification:_identify(etc/test_ws/build/dongsoo_interfaces/CMakeFiles/3.22.1/CompilerIdC/tmp) by extensions ['ignore', 'ignore_ament_install']
[0.167s] Level 1:colcon.colcon_core.package_identification:_identify(etc/test_ws/build/dongsoo_interfaces/CMakeFiles/3.22.1/CompilerIdC/tmp) by extension 'ignore'
[0.167s] Level 1:colcon.colcon_core.package_identification:_identify(etc/test_ws/build/dongsoo_interfaces/CMakeFiles/3.22.1/CompilerIdC/tmp) by extension 'ignore_ament_install'
[0.167s] Level 1:colcon.colcon_core.package_identification:_identify(etc/test_ws/build/dongsoo_interfaces/CMakeFiles/3.22.1/CompilerIdC/tmp) by extensions ['colcon_pkg']
[0.167s] Level 1:colcon.colcon_core.package_identification:_identify(etc/test_ws/build/dongsoo_interfaces/CMakeFiles/3.22.1/CompilerIdC/tmp) by extension 'colcon_pkg'
[0.167s] Level 1:colcon.colcon_core.package_identification:_identify(etc/test_ws/build/dongsoo_interfaces/CMakeFiles/3.22.1/CompilerIdC/tmp) by extensions ['colcon_meta']
[0.167s] Level 1:colcon.colcon_core.package_identification:_identify(etc/test_ws/build/dongsoo_interfaces/CMakeFiles/3.22.1/CompilerIdC/tmp) by extension 'colcon_meta'
[0.167s] Level 1:colcon.colcon_core.package_identification:_identify(etc/test_ws/build/dongsoo_interfaces/CMakeFiles/3.22.1/CompilerIdC/tmp) by extensions ['ros']
[0.167s] Level 1:colcon.colcon_core.package_identification:_identify(etc/test_ws/build/dongsoo_interfaces/CMakeFiles/3.22.1/CompilerIdC/tmp) by extension 'ros'
[0.167s] Level 1:colcon.colcon_core.package_identification:_identify(etc/test_ws/build/dongsoo_interfaces/CMakeFiles/3.22.1/CompilerIdC/tmp) by extensions ['cmake', 'python']
[0.167s] Level 1:colcon.colcon_core.package_identification:_identify(etc/test_ws/build/dongsoo_interfaces/CMakeFiles/3.22.1/CompilerIdC/tmp) by extension 'cmake'
[0.167s] Level 1:colcon.colcon_core.package_identification:_identify(etc/test_ws/build/dongsoo_interfaces/CMakeFiles/3.22.1/CompilerIdC/tmp) by extension 'python'
[0.167s] Level 1:colcon.colcon_core.package_identification:_identify(etc/test_ws/build/dongsoo_interfaces/CMakeFiles/3.22.1/CompilerIdC/tmp) by extensions ['python_setup_py']
[0.167s] Level 1:colcon.colcon_core.package_identification:_identify(etc/test_ws/build/dongsoo_interfaces/CMakeFiles/3.22.1/CompilerIdC/tmp) by extension 'python_setup_py'
[0.167s] Level 1:colcon.colcon_core.package_identification:_identify(etc/test_ws/build/dongsoo_interfaces/CMakeFiles/3.22.1/CompilerIdCXX) by extensions ['ignore', 'ignore_ament_install']
[0.167s] Level 1:colcon.colcon_core.package_identification:_identify(etc/test_ws/build/dongsoo_interfaces/CMakeFiles/3.22.1/CompilerIdCXX) by extension 'ignore'
[0.167s] Level 1:colcon.colcon_core.package_identification:_identify(etc/test_ws/build/dongsoo_interfaces/CMakeFiles/3.22.1/CompilerIdCXX) by extension 'ignore_ament_install'
[0.167s] Level 1:colcon.colcon_core.package_identification:_identify(etc/test_ws/build/dongsoo_interfaces/CMakeFiles/3.22.1/CompilerIdCXX) by extensions ['colcon_pkg']
[0.167s] Level 1:colcon.colcon_core.package_identification:_identify(etc/test_ws/build/dongsoo_interfaces/CMakeFiles/3.22.1/CompilerIdCXX) by extension 'colcon_pkg'
[0.167s] Level 1:colcon.colcon_core.package_identification:_identify(etc/test_ws/build/dongsoo_interfaces/CMakeFiles/3.22.1/CompilerIdCXX) by extensions ['colcon_meta']
[0.167s] Level 1:colcon.colcon_core.package_identification:_identify(etc/test_ws/build/dongsoo_interfaces/CMakeFiles/3.22.1/CompilerIdCXX) by extension 'colcon_meta'
[0.167s] Level 1:colcon.colcon_core.package_identification:_identify(etc/test_ws/build/dongsoo_interfaces/CMakeFiles/3.22.1/CompilerIdCXX) by extensions ['ros']
[0.167s] Level 1:colcon.colcon_core.package_identification:_identify(etc/test_ws/build/dongsoo_interfaces/CMakeFiles/3.22.1/CompilerIdCXX) by extension 'ros'
[0.167s] Level 1:colcon.colcon_core.package_identification:_identify(etc/test_ws/build/dongsoo_interfaces/CMakeFiles/3.22.1/CompilerIdCXX) by extensions ['cmake', 'python']
[0.167s] Level 1:colcon.colcon_core.package_identification:_identify(etc/test_ws/build/dongsoo_interfaces/CMakeFiles/3.22.1/CompilerIdCXX) by extension 'cmake'
[0.167s] Level 1:colcon.colcon_core.package_identification:_identify(etc/test_ws/build/dongsoo_interfaces/CMakeFiles/3.22.1/CompilerIdCXX) by extension 'python'
[0.167s] Level 1:colcon.colcon_core.package_identification:_identify(etc/test_ws/build/dongsoo_interfaces/CMakeFiles/3.22.1/CompilerIdCXX) by extensions ['python_setup_py']
[0.167s] Level 1:colcon.colcon_core.package_identification:_identify(etc/test_ws/build/dongsoo_interfaces/CMakeFiles/3.22.1/CompilerIdCXX) by extension 'python_setup_py'
[0.167s] Level 1:colcon.colcon_core.package_identification:_identify(etc/test_ws/build/dongsoo_interfaces/CMakeFiles/3.22.1/CompilerIdCXX/tmp) by extensions ['ignore', 'ignore_ament_install']
[0.168s] Level 1:colcon.colcon_core.package_identification:_identify(etc/test_ws/build/dongsoo_interfaces/CMakeFiles/3.22.1/CompilerIdCXX/tmp) by extension 'ignore'
[0.168s] Level 1:colcon.colcon_core.package_identification:_identify(etc/test_ws/build/dongsoo_interfaces/CMakeFiles/3.22.1/CompilerIdCXX/tmp) by extension 'ignore_ament_install'
[0.168s] Level 1:colcon.colcon_core.package_identification:_identify(etc/test_ws/build/dongsoo_interfaces/CMakeFiles/3.22.1/CompilerIdCXX/tmp) by extensions ['colcon_pkg']
[0.168s] Level 1:colcon.colcon_core.package_identification:_identify(etc/test_ws/build/dongsoo_interfaces/CMakeFiles/3.22.1/CompilerIdCXX/tmp) by extension 'colcon_pkg'
[0.168s] Level 1:colcon.colcon_core.package_identification:_identify(etc/test_ws/build/dongsoo_interfaces/CMakeFiles/3.22.1/CompilerIdCXX/tmp) by extensions ['colcon_meta']
[0.168s] Level 1:colcon.colcon_core.package_identification:_identify(etc/test_ws/build/dongsoo_interfaces/CMakeFiles/3.22.1/CompilerIdCXX/tmp) by extension 'colcon_meta'
[0.168s] Level 1:colcon.colcon_core.package_identification:_identify(etc/test_ws/build/dongsoo_interfaces/CMakeFiles/3.22.1/CompilerIdCXX/tmp) by extensions ['ros']
[0.168s] Level 1:colcon.colcon_core.package_identification:_identify(etc/test_ws/build/dongsoo_interfaces/CMakeFiles/3.22.1/CompilerIdCXX/tmp) by extension 'ros'
[0.168s] Level 1:colcon.colcon_core.package_identification:_identify(etc/test_ws/build/dongsoo_interfaces/CMakeFiles/3.22.1/CompilerIdCXX/tmp) by extensions ['cmake', 'python']
[0.168s] Level 1:colcon.colcon_core.package_identification:_identify(etc/test_ws/build/dongsoo_interfaces/CMakeFiles/3.22.1/CompilerIdCXX/tmp) by extension 'cmake'
[0.168s] Level 1:colcon.colcon_core.package_identification:_identify(etc/test_ws/build/dongsoo_interfaces/CMakeFiles/3.22.1/CompilerIdCXX/tmp) by extension 'python'
[0.168s] Level 1:colcon.colcon_core.package_identification:_identify(etc/test_ws/build/dongsoo_interfaces/CMakeFiles/3.22.1/CompilerIdCXX/tmp) by extensions ['python_setup_py']
[0.168s] Level 1:colcon.colcon_core.package_identification:_identify(etc/test_ws/build/dongsoo_interfaces/CMakeFiles/3.22.1/CompilerIdCXX/tmp) by extension 'python_setup_py'
[0.168s] Level 1:colcon.colcon_core.package_identification:_identify(etc/test_ws/build/dongsoo_interfaces/CMakeFiles/CMakeTmp) by extensions ['ignore', 'ignore_ament_install']
[0.168s] Level 1:colcon.colcon_core.package_identification:_identify(etc/test_ws/build/dongsoo_interfaces/CMakeFiles/CMakeTmp) by extension 'ignore'
[0.168s] Level 1:colcon.colcon_core.package_identification:_identify(etc/test_ws/build/dongsoo_interfaces/CMakeFiles/CMakeTmp) by extension 'ignore_ament_install'
[0.168s] Level 1:colcon.colcon_core.package_identification:_identify(etc/test_ws/build/dongsoo_interfaces/CMakeFiles/CMakeTmp) by extensions ['colcon_pkg']
[0.168s] Level 1:colcon.colcon_core.package_identification:_identify(etc/test_ws/build/dongsoo_interfaces/CMakeFiles/CMakeTmp) by extension 'colcon_pkg'
[0.168s] Level 1:colcon.colcon_core.package_identification:_identify(etc/test_ws/build/dongsoo_interfaces/CMakeFiles/CMakeTmp) by extensions ['colcon_meta']
[0.168s] Level 1:colcon.colcon_core.package_identification:_identify(etc/test_ws/build/dongsoo_interfaces/CMakeFiles/CMakeTmp) by extension 'colcon_meta'
[0.168s] Level 1:colcon.colcon_core.package_identification:_identify(etc/test_ws/build/dongsoo_interfaces/CMakeFiles/CMakeTmp) by extensions ['ros']
[0.168s] Level 1:colcon.colcon_core.package_identification:_identify(etc/test_ws/build/dongsoo_interfaces/CMakeFiles/CMakeTmp) by extension 'ros'
[0.168s] Level 1:colcon.colcon_core.package_identification:_identify(etc/test_ws/build/dongsoo_interfaces/CMakeFiles/CMakeTmp) by extensions ['cmake', 'python']
[0.168s] Level 1:colcon.colcon_core.package_identification:_identify(etc/test_ws/build/dongsoo_interfaces/CMakeFiles/CMakeTmp) by extension 'cmake'
[0.168s] Level 1:colcon.colcon_core.package_identification:_identify(etc/test_ws/build/dongsoo_interfaces/CMakeFiles/CMakeTmp) by extension 'python'
[0.168s] Level 1:colcon.colcon_core.package_identification:_identify(etc/test_ws/build/dongsoo_interfaces/CMakeFiles/CMakeTmp) by extensions ['python_setup_py']
[0.168s] Level 1:colcon.colcon_core.package_identification:_identify(etc/test_ws/build/dongsoo_interfaces/CMakeFiles/CMakeTmp) by extension 'python_setup_py'
[0.168s] Level 1:colcon.colcon_core.package_identification:_identify(etc/test_ws/install) by extensions ['ignore', 'ignore_ament_install']
[0.168s] Level 1:colcon.colcon_core.package_identification:_identify(etc/test_ws/install) by extension 'ignore'
[0.168s] Level 1:colcon.colcon_core.package_identification:_identify(etc/test_ws/install) by extension 'ignore_ament_install'
[0.168s] Level 1:colcon.colcon_core.package_identification:_identify(etc/test_ws/install) by extensions ['colcon_pkg']
[0.168s] Level 1:colcon.colcon_core.package_identification:_identify(etc/test_ws/install) by extension 'colcon_pkg'
[0.168s] Level 1:colcon.colcon_core.package_identification:_identify(etc/test_ws/install) by extensions ['colcon_meta']
[0.168s] Level 1:colcon.colcon_core.package_identification:_identify(etc/test_ws/install) by extension 'colcon_meta'
[0.168s] Level 1:colcon.colcon_core.package_identification:_identify(etc/test_ws/install) by extensions ['ros']
[0.168s] Level 1:colcon.colcon_core.package_identification:_identify(etc/test_ws/install) by extension 'ros'
[0.168s] Level 1:colcon.colcon_core.package_identification:_identify(etc/test_ws/install) by extensions ['cmake', 'python']
[0.168s] Level 1:colcon.colcon_core.package_identification:_identify(etc/test_ws/install) by extension 'cmake'
[0.168s] Level 1:colcon.colcon_core.package_identification:_identify(etc/test_ws/install) by extension 'python'
[0.168s] Level 1:colcon.colcon_core.package_identification:_identify(etc/test_ws/install) by extensions ['python_setup_py']
[0.168s] Level 1:colcon.colcon_core.package_identification:_identify(etc/test_ws/install) by extension 'python_setup_py'
[0.168s] Level 1:colcon.colcon_core.package_identification:_identify(etc/test_ws/install/dongsoo_interfaces) by extensions ['ignore', 'ignore_ament_install']
[0.168s] Level 1:colcon.colcon_core.package_identification:_identify(etc/test_ws/install/dongsoo_interfaces) by extension 'ignore'
[0.168s] Level 1:colcon.colcon_core.package_identification:_identify(etc/test_ws/install/dongsoo_interfaces) by extension 'ignore_ament_install'
[0.168s] Level 1:colcon.colcon_core.package_identification:_identify(etc/test_ws/install/dongsoo_interfaces) by extensions ['colcon_pkg']
[0.168s] Level 1:colcon.colcon_core.package_identification:_identify(etc/test_ws/install/dongsoo_interfaces) by extension 'colcon_pkg'
[0.168s] Level 1:colcon.colcon_core.package_identification:_identify(etc/test_ws/install/dongsoo_interfaces) by extensions ['colcon_meta']
[0.168s] Level 1:colcon.colcon_core.package_identification:_identify(etc/test_ws/install/dongsoo_interfaces) by extension 'colcon_meta'
[0.168s] Level 1:colcon.colcon_core.package_identification:_identify(etc/test_ws/install/dongsoo_interfaces) by extensions ['ros']
[0.168s] Level 1:colcon.colcon_core.package_identification:_identify(etc/test_ws/install/dongsoo_interfaces) by extension 'ros'
[0.168s] Level 1:colcon.colcon_core.package_identification:_identify(etc/test_ws/install/dongsoo_interfaces) by extensions ['cmake', 'python']
[0.168s] Level 1:colcon.colcon_core.package_identification:_identify(etc/test_ws/install/dongsoo_interfaces) by extension 'cmake'
[0.168s] Level 1:colcon.colcon_core.package_identification:_identify(etc/test_ws/install/dongsoo_interfaces) by extension 'python'
[0.168s] Level 1:colcon.colcon_core.package_identification:_identify(etc/test_ws/install/dongsoo_interfaces) by extensions ['python_setup_py']
[0.168s] Level 1:colcon.colcon_core.package_identification:_identify(etc/test_ws/install/dongsoo_interfaces) by extension 'python_setup_py'
[0.168s] Level 1:colcon.colcon_core.package_identification:_identify(etc/test_ws/install/dongsoo_interfaces/include) by extensions ['ignore', 'ignore_ament_install']
[0.169s] Level 1:colcon.colcon_core.package_identification:_identify(etc/test_ws/install/dongsoo_interfaces/include) by extension 'ignore'
[0.169s] Level 1:colcon.colcon_core.package_identification:_identify(etc/test_ws/install/dongsoo_interfaces/include) by extension 'ignore_ament_install'
[0.169s] Level 1:colcon.colcon_core.package_identification:_identify(etc/test_ws/install/dongsoo_interfaces/include) by extensions ['colcon_pkg']
[0.169s] Level 1:colcon.colcon_core.package_identification:_identify(etc/test_ws/install/dongsoo_interfaces/include) by extension 'colcon_pkg'
[0.169s] Level 1:colcon.colcon_core.package_identification:_identify(etc/test_ws/install/dongsoo_interfaces/include) by extensions ['colcon_meta']
[0.169s] Level 1:colcon.colcon_core.package_identification:_identify(etc/test_ws/install/dongsoo_interfaces/include) by extension 'colcon_meta'
[0.169s] Level 1:colcon.colcon_core.package_identification:_identify(etc/test_ws/install/dongsoo_interfaces/include) by extensions ['ros']
[0.169s] Level 1:colcon.colcon_core.package_identification:_identify(etc/test_ws/install/dongsoo_interfaces/include) by extension 'ros'
[0.169s] Level 1:colcon.colcon_core.package_identification:_identify(etc/test_ws/install/dongsoo_interfaces/include) by extensions ['cmake', 'python']
[0.169s] Level 1:colcon.colcon_core.package_identification:_identify(etc/test_ws/install/dongsoo_interfaces/include) by extension 'cmake'
[0.169s] Level 1:colcon.colcon_core.package_identification:_identify(etc/test_ws/install/dongsoo_interfaces/include) by extension 'python'
[0.169s] Level 1:colcon.colcon_core.package_identification:_identify(etc/test_ws/install/dongsoo_interfaces/include) by extensions ['python_setup_py']
[0.169s] Level 1:colcon.colcon_core.package_identification:_identify(etc/test_ws/install/dongsoo_interfaces/include) by extension 'python_setup_py'
[0.169s] Level 1:colcon.colcon_core.package_identification:_identify(etc/test_ws/install/dongsoo_interfaces/include/dongsoo_interfaces) by extensions ['ignore', 'ignore_ament_install']
[0.169s] Level 1:colcon.colcon_core.package_identification:_identify(etc/test_ws/install/dongsoo_interfaces/include/dongsoo_interfaces) by extension 'ignore'
[0.169s] Level 1:colcon.colcon_core.package_identification:_identify(etc/test_ws/install/dongsoo_interfaces/include/dongsoo_interfaces) by extension 'ignore_ament_install'
[0.169s] Level 1:colcon.colcon_core.package_identification:_identify(etc/test_ws/install/dongsoo_interfaces/include/dongsoo_interfaces) by extensions ['colcon_pkg']
[0.169s] Level 1:colcon.colcon_core.package_identification:_identify(etc/test_ws/install/dongsoo_interfaces/include/dongsoo_interfaces) by extension 'colcon_pkg'
[0.169s] Level 1:colcon.colcon_core.package_identification:_identify(etc/test_ws/install/dongsoo_interfaces/include/dongsoo_interfaces) by extensions ['colcon_meta']
[0.169s] Level 1:colcon.colcon_core.package_identification:_identify(etc/test_ws/install/dongsoo_interfaces/include/dongsoo_interfaces) by extension 'colcon_meta'
[0.169s] Level 1:colcon.colcon_core.package_identification:_identify(etc/test_ws/install/dongsoo_interfaces/include/dongsoo_interfaces) by extensions ['ros']
[0.169s] Level 1:colcon.colcon_core.package_identification:_identify(etc/test_ws/install/dongsoo_interfaces/include/dongsoo_interfaces) by extension 'ros'
[0.169s] Level 1:colcon.colcon_core.package_identification:_identify(etc/test_ws/install/dongsoo_interfaces/include/dongsoo_interfaces) by extensions ['cmake', 'python']
[0.169s] Level 1:colcon.colcon_core.package_identification:_identify(etc/test_ws/install/dongsoo_interfaces/include/dongsoo_interfaces) by extension 'cmake'
[0.169s] Level 1:colcon.colcon_core.package_identification:_identify(etc/test_ws/install/dongsoo_interfaces/include/dongsoo_interfaces) by extension 'python'
[0.169s] Level 1:colcon.colcon_core.package_identification:_identify(etc/test_ws/install/dongsoo_interfaces/include/dongsoo_interfaces) by extensions ['python_setup_py']
[0.169s] Level 1:colcon.colcon_core.package_identification:_identify(etc/test_ws/install/dongsoo_interfaces/include/dongsoo_interfaces) by extension 'python_setup_py'
[0.169s] Level 1:colcon.colcon_core.package_identification:_identify(etc/test_ws/install/dongsoo_interfaces/include/dongsoo_interfaces/dongsoo_interfaces) by extensions ['ignore', 'ignore_ament_install']
[0.169s] Level 1:colcon.colcon_core.package_identification:_identify(etc/test_ws/install/dongsoo_interfaces/include/dongsoo_interfaces/dongsoo_interfaces) by extension 'ignore'
[0.169s] Level 1:colcon.colcon_core.package_identification:_identify(etc/test_ws/install/dongsoo_interfaces/include/dongsoo_interfaces/dongsoo_interfaces) by extension 'ignore_ament_install'
[0.169s] Level 1:colcon.colcon_core.package_identification:_identify(etc/test_ws/install/dongsoo_interfaces/include/dongsoo_interfaces/dongsoo_interfaces) by extensions ['colcon_pkg']
[0.169s] Level 1:colcon.colcon_core.package_identification:_identify(etc/test_ws/install/dongsoo_interfaces/include/dongsoo_interfaces/dongsoo_interfaces) by extension 'colcon_pkg'
[0.169s] Level 1:colcon.colcon_core.package_identification:_identify(etc/test_ws/install/dongsoo_interfaces/include/dongsoo_interfaces/dongsoo_interfaces) by extensions ['colcon_meta']
[0.169s] Level 1:colcon.colcon_core.package_identification:_identify(etc/test_ws/install/dongsoo_interfaces/include/dongsoo_interfaces/dongsoo_interfaces) by extension 'colcon_meta'
[0.169s] Level 1:colcon.colcon_core.package_identification:_identify(etc/test_ws/install/dongsoo_interfaces/include/dongsoo_interfaces/dongsoo_interfaces) by extensions ['ros']
[0.169s] Level 1:colcon.colcon_core.package_identification:_identify(etc/test_ws/install/dongsoo_interfaces/include/dongsoo_interfaces/dongsoo_interfaces) by extension 'ros'
[0.169s] Level 1:colcon.colcon_core.package_identification:_identify(etc/test_ws/install/dongsoo_interfaces/include/dongsoo_interfaces/dongsoo_interfaces) by extensions ['cmake', 'python']
[0.169s] Level 1:colcon.colcon_core.package_identification:_identify(etc/test_ws/install/dongsoo_interfaces/include/dongsoo_interfaces/dongsoo_interfaces) by extension 'cmake'
[0.169s] Level 1:colcon.colcon_core.package_identification:_identify(etc/test_ws/install/dongsoo_interfaces/include/dongsoo_interfaces/dongsoo_interfaces) by extension 'python'
[0.169s] Level 1:colcon.colcon_core.package_identification:_identify(etc/test_ws/install/dongsoo_interfaces/include/dongsoo_interfaces/dongsoo_interfaces) by extensions ['python_setup_py']
[0.169s] Level 1:colcon.colcon_core.package_identification:_identify(etc/test_ws/install/dongsoo_interfaces/include/dongsoo_interfaces/dongsoo_interfaces) by extension 'python_setup_py'
[0.169s] Level 1:colcon.colcon_core.package_identification:_identify(etc/test_ws/install/dongsoo_interfaces/include/dongsoo_interfaces/dongsoo_interfaces/msg) by extensions ['ignore', 'ignore_ament_install']
[0.169s] Level 1:colcon.colcon_core.package_identification:_identify(etc/test_ws/install/dongsoo_interfaces/include/dongsoo_interfaces/dongsoo_interfaces/msg) by extension 'ignore'
[0.169s] Level 1:colcon.colcon_core.package_identification:_identify(etc/test_ws/install/dongsoo_interfaces/include/dongsoo_interfaces/dongsoo_interfaces/msg) by extension 'ignore_ament_install'
[0.169s] Level 1:colcon.colcon_core.package_identification:_identify(etc/test_ws/install/dongsoo_interfaces/include/dongsoo_interfaces/dongsoo_interfaces/msg) by extensions ['colcon_pkg']
[0.169s] Level 1:colcon.colcon_core.package_identification:_identify(etc/test_ws/install/dongsoo_interfaces/include/dongsoo_interfaces/dongsoo_interfaces/msg) by extension 'colcon_pkg'
[0.169s] Level 1:colcon.colcon_core.package_identification:_identify(etc/test_ws/install/dongsoo_interfaces/include/dongsoo_interfaces/dongsoo_interfaces/msg) by extensions ['colcon_meta']
[0.169s] Level 1:colcon.colcon_core.package_identification:_identify(etc/test_ws/install/dongsoo_interfaces/include/dongsoo_interfaces/dongsoo_interfaces/msg) by extension 'colcon_meta'
[0.169s] Level 1:colcon.colcon_core.package_identification:_identify(etc/test_ws/install/dongsoo_interfaces/include/dongsoo_interfaces/dongsoo_interfaces/msg) by extensions ['ros']
[0.169s] Level 1:colcon.colcon_core.package_identification:_identify(etc/test_ws/install/dongsoo_interfaces/include/dongsoo_interfaces/dongsoo_interfaces/msg) by extension 'ros'
[0.169s] Level 1:colcon.colcon_core.package_identification:_identify(etc/test_ws/install/dongsoo_interfaces/include/dongsoo_interfaces/dongsoo_interfaces/msg) by extensions ['cmake', 'python']
[0.169s] Level 1:colcon.colcon_core.package_identification:_identify(etc/test_ws/install/dongsoo_interfaces/include/dongsoo_interfaces/dongsoo_interfaces/msg) by extension 'cmake'
[0.169s] Level 1:colcon.colcon_core.package_identification:_identify(etc/test_ws/install/dongsoo_interfaces/include/dongsoo_interfaces/dongsoo_interfaces/msg) by extension 'python'
[0.169s] Level 1:colcon.colcon_core.package_identification:_identify(etc/test_ws/install/dongsoo_interfaces/include/dongsoo_interfaces/dongsoo_interfaces/msg) by extensions ['python_setup_py']
[0.169s] Level 1:colcon.colcon_core.package_identification:_identify(etc/test_ws/install/dongsoo_interfaces/include/dongsoo_interfaces/dongsoo_interfaces/msg) by extension 'python_setup_py'
[0.170s] Level 1:colcon.colcon_core.package_identification:_identify(etc/test_ws/install/dongsoo_interfaces/include/dongsoo_interfaces/dongsoo_interfaces/msg/detail) by extensions ['ignore', 'ignore_ament_install']
[0.170s] Level 1:colcon.colcon_core.package_identification:_identify(etc/test_ws/install/dongsoo_interfaces/include/dongsoo_interfaces/dongsoo_interfaces/msg/detail) by extension 'ignore'
[0.170s] Level 1:colcon.colcon_core.package_identification:_identify(etc/test_ws/install/dongsoo_interfaces/include/dongsoo_interfaces/dongsoo_interfaces/msg/detail) by extension 'ignore_ament_install'
[0.170s] Level 1:colcon.colcon_core.package_identification:_identify(etc/test_ws/install/dongsoo_interfaces/include/dongsoo_interfaces/dongsoo_interfaces/msg/detail) by extensions ['colcon_pkg']
[0.170s] Level 1:colcon.colcon_core.package_identification:_identify(etc/test_ws/install/dongsoo_interfaces/include/dongsoo_interfaces/dongsoo_interfaces/msg/detail) by extension 'colcon_pkg'
[0.170s] Level 1:colcon.colcon_core.package_identification:_identify(etc/test_ws/install/dongsoo_interfaces/include/dongsoo_interfaces/dongsoo_interfaces/msg/detail) by extensions ['colcon_meta']
[0.170s] Level 1:colcon.colcon_core.package_identification:_identify(etc/test_ws/install/dongsoo_interfaces/include/dongsoo_interfaces/dongsoo_interfaces/msg/detail) by extension 'colcon_meta'
[0.170s] Level 1:colcon.colcon_core.package_identification:_identify(etc/test_ws/install/dongsoo_interfaces/include/dongsoo_interfaces/dongsoo_interfaces/msg/detail) by extensions ['ros']
[0.170s] Level 1:colcon.colcon_core.package_identification:_identify(etc/test_ws/install/dongsoo_interfaces/include/dongsoo_interfaces/dongsoo_interfaces/msg/detail) by extension 'ros'
[0.170s] Level 1:colcon.colcon_core.package_identification:_identify(etc/test_ws/install/dongsoo_interfaces/include/dongsoo_interfaces/dongsoo_interfaces/msg/detail) by extensions ['cmake', 'python']
[0.170s] Level 1:colcon.colcon_core.package_identification:_identify(etc/test_ws/install/dongsoo_interfaces/include/dongsoo_interfaces/dongsoo_interfaces/msg/detail) by extension 'cmake'
[0.170s] Level 1:colcon.colcon_core.package_identification:_identify(etc/test_ws/install/dongsoo_interfaces/include/dongsoo_interfaces/dongsoo_interfaces/msg/detail) by extension 'python'
[0.170s] Level 1:colcon.colcon_core.package_identification:_identify(etc/test_ws/install/dongsoo_interfaces/include/dongsoo_interfaces/dongsoo_interfaces/msg/detail) by extensions ['python_setup_py']
[0.170s] Level 1:colcon.colcon_core.package_identification:_identify(etc/test_ws/install/dongsoo_interfaces/include/dongsoo_interfaces/dongsoo_interfaces/msg/detail) by extension 'python_setup_py'
[0.170s] Level 1:colcon.colcon_core.package_identification:_identify(etc/test_ws/install/dongsoo_interfaces/include/dongsoo_interfaces/dongsoo_interfaces/msg/detail/dds_fastrtps) by extensions ['ignore', 'ignore_ament_install']
[0.170s] Level 1:colcon.colcon_core.package_identification:_identify(etc/test_ws/install/dongsoo_interfaces/include/dongsoo_interfaces/dongsoo_interfaces/msg/detail/dds_fastrtps) by extension 'ignore'
[0.170s] Level 1:colcon.colcon_core.package_identification:_identify(etc/test_ws/install/dongsoo_interfaces/include/dongsoo_interfaces/dongsoo_interfaces/msg/detail/dds_fastrtps) by extension 'ignore_ament_install'
[0.170s] Level 1:colcon.colcon_core.package_identification:_identify(etc/test_ws/install/dongsoo_interfaces/include/dongsoo_interfaces/dongsoo_interfaces/msg/detail/dds_fastrtps) by extensions ['colcon_pkg']
[0.170s] Level 1:colcon.colcon_core.package_identification:_identify(etc/test_ws/install/dongsoo_interfaces/include/dongsoo_interfaces/dongsoo_interfaces/msg/detail/dds_fastrtps) by extension 'colcon_pkg'
[0.170s] Level 1:colcon.colcon_core.package_identification:_identify(etc/test_ws/install/dongsoo_interfaces/include/dongsoo_interfaces/dongsoo_interfaces/msg/detail/dds_fastrtps) by extensions ['colcon_meta']
[0.170s] Level 1:colcon.colcon_core.package_identification:_identify(etc/test_ws/install/dongsoo_interfaces/include/dongsoo_interfaces/dongsoo_interfaces/msg/detail/dds_fastrtps) by extension 'colcon_meta'
[0.170s] Level 1:colcon.colcon_core.package_identification:_identify(etc/test_ws/install/dongsoo_interfaces/include/dongsoo_interfaces/dongsoo_interfaces/msg/detail/dds_fastrtps) by extensions ['ros']
[0.170s] Level 1:colcon.colcon_core.package_identification:_identify(etc/test_ws/install/dongsoo_interfaces/include/dongsoo_interfaces/dongsoo_interfaces/msg/detail/dds_fastrtps) by extension 'ros'
[0.170s] Level 1:colcon.colcon_core.package_identification:_identify(etc/test_ws/install/dongsoo_interfaces/include/dongsoo_interfaces/dongsoo_interfaces/msg/detail/dds_fastrtps) by extensions ['cmake', 'python']
[0.170s] Level 1:colcon.colcon_core.package_identification:_identify(etc/test_ws/install/dongsoo_interfaces/include/dongsoo_interfaces/dongsoo_interfaces/msg/detail/dds_fastrtps) by extension 'cmake'
[0.170s] Level 1:colcon.colcon_core.package_identification:_identify(etc/test_ws/install/dongsoo_interfaces/include/dongsoo_interfaces/dongsoo_interfaces/msg/detail/dds_fastrtps) by extension 'python'
[0.170s] Level 1:colcon.colcon_core.package_identification:_identify(etc/test_ws/install/dongsoo_interfaces/include/dongsoo_interfaces/dongsoo_interfaces/msg/detail/dds_fastrtps) by extensions ['python_setup_py']
[0.170s] Level 1:colcon.colcon_core.package_identification:_identify(etc/test_ws/install/dongsoo_interfaces/include/dongsoo_interfaces/dongsoo_interfaces/msg/detail/dds_fastrtps) by extension 'python_setup_py'
[0.170s] Level 1:colcon.colcon_core.package_identification:_identify(etc/test_ws/install/dongsoo_interfaces/include/dongsoo_interfaces/dongsoo_interfaces/srv) by extensions ['ignore', 'ignore_ament_install']
[0.170s] Level 1:colcon.colcon_core.package_identification:_identify(etc/test_ws/install/dongsoo_interfaces/include/dongsoo_interfaces/dongsoo_interfaces/srv) by extension 'ignore'
[0.170s] Level 1:colcon.colcon_core.package_identification:_identify(etc/test_ws/install/dongsoo_interfaces/include/dongsoo_interfaces/dongsoo_interfaces/srv) by extension 'ignore_ament_install'
[0.170s] Level 1:colcon.colcon_core.package_identification:_identify(etc/test_ws/install/dongsoo_interfaces/include/dongsoo_interfaces/dongsoo_interfaces/srv) by extensions ['colcon_pkg']
[0.170s] Level 1:colcon.colcon_core.package_identification:_identify(etc/test_ws/install/dongsoo_interfaces/include/dongsoo_interfaces/dongsoo_interfaces/srv) by extension 'colcon_pkg'
[0.170s] Level 1:colcon.colcon_core.package_identification:_identify(etc/test_ws/install/dongsoo_interfaces/include/dongsoo_interfaces/dongsoo_interfaces/srv) by extensions ['colcon_meta']
[0.170s] Level 1:colcon.colcon_core.package_identification:_identify(etc/test_ws/install/dongsoo_interfaces/include/dongsoo_interfaces/dongsoo_interfaces/srv) by extension 'colcon_meta'
[0.170s] Level 1:colcon.colcon_core.package_identification:_identify(etc/test_ws/install/dongsoo_interfaces/include/dongsoo_interfaces/dongsoo_interfaces/srv) by extensions ['ros']
[0.170s] Level 1:colcon.colcon_core.package_identification:_identify(etc/test_ws/install/dongsoo_interfaces/include/dongsoo_interfaces/dongsoo_interfaces/srv) by extension 'ros'
[0.170s] Level 1:colcon.colcon_core.package_identification:_identify(etc/test_ws/install/dongsoo_interfaces/include/dongsoo_interfaces/dongsoo_interfaces/srv) by extensions ['cmake', 'python']
[0.170s] Level 1:colcon.colcon_core.package_identification:_identify(etc/test_ws/install/dongsoo_interfaces/include/dongsoo_interfaces/dongsoo_interfaces/srv) by extension 'cmake'
[0.170s] Level 1:colcon.colcon_core.package_identification:_identify(etc/test_ws/install/dongsoo_interfaces/include/dongsoo_interfaces/dongsoo_interfaces/srv) by extension 'python'
[0.170s] Level 1:colcon.colcon_core.package_identification:_identify(etc/test_ws/install/dongsoo_interfaces/include/dongsoo_interfaces/dongsoo_interfaces/srv) by extensions ['python_setup_py']
[0.170s] Level 1:colcon.colcon_core.package_identification:_identify(etc/test_ws/install/dongsoo_interfaces/include/dongsoo_interfaces/dongsoo_interfaces/srv) by extension 'python_setup_py'
[0.170s] Level 1:colcon.colcon_core.package_identification:_identify(etc/test_ws/install/dongsoo_interfaces/include/dongsoo_interfaces/dongsoo_interfaces/srv/detail) by extensions ['ignore', 'ignore_ament_install']
[0.170s] Level 1:colcon.colcon_core.package_identification:_identify(etc/test_ws/install/dongsoo_interfaces/include/dongsoo_interfaces/dongsoo_interfaces/srv/detail) by extension 'ignore'
[0.170s] Level 1:colcon.colcon_core.package_identification:_identify(etc/test_ws/install/dongsoo_interfaces/include/dongsoo_interfaces/dongsoo_interfaces/srv/detail) by extension 'ignore_ament_install'
[0.170s] Level 1:colcon.colcon_core.package_identification:_identify(etc/test_ws/install/dongsoo_interfaces/include/dongsoo_interfaces/dongsoo_interfaces/srv/detail) by extensions ['colcon_pkg']
[0.170s] Level 1:colcon.colcon_core.package_identification:_identify(etc/test_ws/install/dongsoo_interfaces/include/dongsoo_interfaces/dongsoo_interfaces/srv/detail) by extension 'colcon_pkg'
[0.170s] Level 1:colcon.colcon_core.package_identification:_identify(etc/test_ws/install/dongsoo_interfaces/include/dongsoo_interfaces/dongsoo_interfaces/srv/detail) by extensions ['colcon_meta']
[0.170s] Level 1:colcon.colcon_core.package_identification:_identify(etc/test_ws/install/dongsoo_interfaces/include/dongsoo_interfaces/dongsoo_interfaces/srv/detail) by extension 'colcon_meta'
[0.170s] Level 1:colcon.colcon_core.package_identification:_identify(etc/test_ws/install/dongsoo_interfaces/include/dongsoo_interfaces/dongsoo_interfaces/srv/detail) by extensions ['ros']
[0.170s] Level 1:colcon.colcon_core.package_identification:_identify(etc/test_ws/install/dongsoo_interfaces/include/dongsoo_interfaces/dongsoo_interfaces/srv/detail) by extension 'ros'
[0.170s] Level 1:colcon.colcon_core.package_identification:_identify(etc/test_ws/install/dongsoo_interfaces/include/dongsoo_interfaces/dongsoo_interfaces/srv/detail) by extensions ['cmake', 'python']
[0.170s] Level 1:colcon.colcon_core.package_identification:_identify(etc/test_ws/install/dongsoo_interfaces/include/dongsoo_interfaces/dongsoo_interfaces/srv/detail) by extension 'cmake'
[0.170s] Level 1:colcon.colcon_core.package_identification:_identify(etc/test_ws/install/dongsoo_interfaces/include/dongsoo_interfaces/dongsoo_interfaces/srv/detail) by extension 'python'
[0.170s] Level 1:colcon.colcon_core.package_identification:_identify(etc/test_ws/install/dongsoo_interfaces/include/dongsoo_interfaces/dongsoo_interfaces/srv/detail) by extensions ['python_setup_py']
[0.171s] Level 1:colcon.colcon_core.package_identification:_identify(etc/test_ws/install/dongsoo_interfaces/include/dongsoo_interfaces/dongsoo_interfaces/srv/detail) by extension 'python_setup_py'
[0.171s] Level 1:colcon.colcon_core.package_identification:_identify(etc/test_ws/install/dongsoo_interfaces/include/dongsoo_interfaces/dongsoo_interfaces/srv/detail/dds_fastrtps) by extensions ['ignore', 'ignore_ament_install']
[0.171s] Level 1:colcon.colcon_core.package_identification:_identify(etc/test_ws/install/dongsoo_interfaces/include/dongsoo_interfaces/dongsoo_interfaces/srv/detail/dds_fastrtps) by extension 'ignore'
[0.171s] Level 1:colcon.colcon_core.package_identification:_identify(etc/test_ws/install/dongsoo_interfaces/include/dongsoo_interfaces/dongsoo_interfaces/srv/detail/dds_fastrtps) by extension 'ignore_ament_install'
[0.171s] Level 1:colcon.colcon_core.package_identification:_identify(etc/test_ws/install/dongsoo_interfaces/include/dongsoo_interfaces/dongsoo_interfaces/srv/detail/dds_fastrtps) by extensions ['colcon_pkg']
[0.171s] Level 1:colcon.colcon_core.package_identification:_identify(etc/test_ws/install/dongsoo_interfaces/include/dongsoo_interfaces/dongsoo_interfaces/srv/detail/dds_fastrtps) by extension 'colcon_pkg'
[0.171s] Level 1:colcon.colcon_core.package_identification:_identify(etc/test_ws/install/dongsoo_interfaces/include/dongsoo_interfaces/dongsoo_interfaces/srv/detail/dds_fastrtps) by extensions ['colcon_meta']
[0.171s] Level 1:colcon.colcon_core.package_identification:_identify(etc/test_ws/install/dongsoo_interfaces/include/dongsoo_interfaces/dongsoo_interfaces/srv/detail/dds_fastrtps) by extension 'colcon_meta'
[0.171s] Level 1:colcon.colcon_core.package_identification:_identify(etc/test_ws/install/dongsoo_interfaces/include/dongsoo_interfaces/dongsoo_interfaces/srv/detail/dds_fastrtps) by extensions ['ros']
[0.171s] Level 1:colcon.colcon_core.package_identification:_identify(etc/test_ws/install/dongsoo_interfaces/include/dongsoo_interfaces/dongsoo_interfaces/srv/detail/dds_fastrtps) by extension 'ros'
[0.171s] Level 1:colcon.colcon_core.package_identification:_identify(etc/test_ws/install/dongsoo_interfaces/include/dongsoo_interfaces/dongsoo_interfaces/srv/detail/dds_fastrtps) by extensions ['cmake', 'python']
[0.171s] Level 1:colcon.colcon_core.package_identification:_identify(etc/test_ws/install/dongsoo_interfaces/include/dongsoo_interfaces/dongsoo_interfaces/srv/detail/dds_fastrtps) by extension 'cmake'
[0.171s] Level 1:colcon.colcon_core.package_identification:_identify(etc/test_ws/install/dongsoo_interfaces/include/dongsoo_interfaces/dongsoo_interfaces/srv/detail/dds_fastrtps) by extension 'python'
[0.171s] Level 1:colcon.colcon_core.package_identification:_identify(etc/test_ws/install/dongsoo_interfaces/include/dongsoo_interfaces/dongsoo_interfaces/srv/detail/dds_fastrtps) by extensions ['python_setup_py']
[0.171s] Level 1:colcon.colcon_core.package_identification:_identify(etc/test_ws/install/dongsoo_interfaces/include/dongsoo_interfaces/dongsoo_interfaces/srv/detail/dds_fastrtps) by extension 'python_setup_py'
[0.171s] Level 1:colcon.colcon_core.package_identification:_identify(install) by extensions ['ignore', 'ignore_ament_install']
[0.171s] Level 1:colcon.colcon_core.package_identification:_identify(install) by extension 'ignore'
[0.171s] Level 1:colcon.colcon_core.package_identification:_identify(install) ignored
[0.171s] Level 1:colcon.colcon_core.package_identification:_identify(log) by extensions ['ignore', 'ignore_ament_install']
[0.171s] Level 1:colcon.colcon_core.package_identification:_identify(log) by extension 'ignore'
[0.171s] Level 1:colcon.colcon_core.package_identification:_identify(log) ignored
[0.171s] Level 1:colcon.colcon_core.package_identification:_identify(src) by extensions ['ignore', 'ignore_ament_install']
[0.171s] Level 1:colcon.colcon_core.package_identification:_identify(src) by extension 'ignore'
[0.171s] Level 1:colcon.colcon_core.package_identification:_identify(src) by extension 'ignore_ament_install'
[0.171s] Level 1:colcon.colcon_core.package_identification:_identify(src) by extensions ['colcon_pkg']
[0.171s] Level 1:colcon.colcon_core.package_identification:_identify(src) by extension 'colcon_pkg'
[0.171s] Level 1:colcon.colcon_core.package_identification:_identify(src) by extensions ['colcon_meta']
[0.171s] Level 1:colcon.colcon_core.package_identification:_identify(src) by extension 'colcon_meta'
[0.171s] Level 1:colcon.colcon_core.package_identification:_identify(src) by extensions ['ros']
[0.171s] Level 1:colcon.colcon_core.package_identification:_identify(src) by extension 'ros'
[0.171s] Level 1:colcon.colcon_core.package_identification:_identify(src) by extensions ['cmake', 'python']
[0.171s] Level 1:colcon.colcon_core.package_identification:_identify(src) by extension 'cmake'
[0.171s] Level 1:colcon.colcon_core.package_identification:_identify(src) by extension 'python'
[0.171s] Level 1:colcon.colcon_core.package_identification:_identify(src) by extensions ['python_setup_py']
[0.171s] Level 1:colcon.colcon_core.package_identification:_identify(src) by extension 'python_setup_py'
[0.171s] Level 1:colcon.colcon_core.package_identification:_identify(src/dongsoo_control_pkg) by extensions ['ignore', 'ignore_ament_install']
[0.171s] Level 1:colcon.colcon_core.package_identification:_identify(src/dongsoo_control_pkg) by extension 'ignore'
[0.171s] Level 1:colcon.colcon_core.package_identification:_identify(src/dongsoo_control_pkg) by extension 'ignore_ament_install'
[0.171s] Level 1:colcon.colcon_core.package_identification:_identify(src/dongsoo_control_pkg) by extensions ['colcon_pkg']
[0.171s] Level 1:colcon.colcon_core.package_identification:_identify(src/dongsoo_control_pkg) by extension 'colcon_pkg'
[0.171s] Level 1:colcon.colcon_core.package_identification:_identify(src/dongsoo_control_pkg) by extensions ['colcon_meta']
[0.171s] Level 1:colcon.colcon_core.package_identification:_identify(src/dongsoo_control_pkg) by extension 'colcon_meta'
[0.171s] Level 1:colcon.colcon_core.package_identification:_identify(src/dongsoo_control_pkg) by extensions ['ros']
[0.171s] Level 1:colcon.colcon_core.package_identification:_identify(src/dongsoo_control_pkg) by extension 'ros'
[0.173s] DEBUG:colcon.colcon_core.package_identification:Package 'src/dongsoo_control_pkg' with type 'ros.ament_python' and name 'dongsoo_control_pkg'
[0.173s] Level 1:colcon.colcon_core.package_identification:_identify(src/dongsoo_description) by extensions ['ignore', 'ignore_ament_install']
[0.173s] Level 1:colcon.colcon_core.package_identification:_identify(src/dongsoo_description) by extension 'ignore'
[0.173s] Level 1:colcon.colcon_core.package_identification:_identify(src/dongsoo_description) by extension 'ignore_ament_install'
[0.173s] Level 1:colcon.colcon_core.package_identification:_identify(src/dongsoo_description) by extensions ['colcon_pkg']
[0.173s] Level 1:colcon.colcon_core.package_identification:_identify(src/dongsoo_description) by extension 'colcon_pkg'
[0.173s] Level 1:colcon.colcon_core.package_identification:_identify(src/dongsoo_description) by extensions ['colcon_meta']
[0.173s] Level 1:colcon.colcon_core.package_identification:_identify(src/dongsoo_description) by extension 'colcon_meta'
[0.173s] Level 1:colcon.colcon_core.package_identification:_identify(src/dongsoo_description) by extensions ['ros']
[0.173s] Level 1:colcon.colcon_core.package_identification:_identify(src/dongsoo_description) by extension 'ros'
[0.173s] DEBUG:colcon.colcon_core.package_identification:Package 'src/dongsoo_description' with type 'ros.ament_cmake' and name 'dongsoo_description'
[0.173s] Level 1:colcon.colcon_core.package_identification:_identify(src/dongsoo_interfaces) by extensions ['ignore', 'ignore_ament_install']
[0.173s] Level 1:colcon.colcon_core.package_identification:_identify(src/dongsoo_interfaces) by extension 'ignore'
[0.173s] Level 1:colcon.colcon_core.package_identification:_identify(src/dongsoo_interfaces) by extension 'ignore_ament_install'
[0.173s] Level 1:colcon.colcon_core.package_identification:_identify(src/dongsoo_interfaces) by extensions ['colcon_pkg']
[0.173s] Level 1:colcon.colcon_core.package_identification:_identify(src/dongsoo_interfaces) by extension 'colcon_pkg'
[0.173s] Level 1:colcon.colcon_core.package_identification:_identify(src/dongsoo_interfaces) by extensions ['colcon_meta']
[0.173s] Level 1:colcon.colcon_core.package_identification:_identify(src/dongsoo_interfaces) by extension 'colcon_meta'
[0.174s] Level 1:colcon.colcon_core.package_identification:_identify(src/dongsoo_interfaces) by extensions ['ros']
[0.174s] Level 1:colcon.colcon_core.package_identification:_identify(src/dongsoo_interfaces) by extension 'ros'
[0.174s] DEBUG:colcon.colcon_core.package_identification:Package 'src/dongsoo_interfaces' with type 'ros.ament_cmake' and name 'dongsoo_interfaces'
[0.174s] Level 1:colcon.colcon_core.package_identification:_identify(src/dongsoo_vision_pkg) by extensions ['ignore', 'ignore_ament_install']
[0.174s] Level 1:colcon.colcon_core.package_identification:_identify(src/dongsoo_vision_pkg) by extension 'ignore'
[0.174s] Level 1:colcon.colcon_core.package_identification:_identify(src/dongsoo_vision_pkg) by extension 'ignore_ament_install'
[0.174s] Level 1:colcon.colcon_core.package_identification:_identify(src/dongsoo_vision_pkg) by extensions ['colcon_pkg']
[0.174s] Level 1:colcon.colcon_core.package_identification:_identify(src/dongsoo_vision_pkg) by extension 'colcon_pkg'
[0.174s] Level 1:colcon.colcon_core.package_identification:_identify(src/dongsoo_vision_pkg) by extensions ['colcon_meta']
[0.174s] Level 1:colcon.colcon_core.package_identification:_identify(src/dongsoo_vision_pkg) by extension 'colcon_meta'
[0.174s] Level 1:colcon.colcon_core.package_identification:_identify(src/dongsoo_vision_pkg) by extensions ['ros']
[0.174s] Level 1:colcon.colcon_core.package_identification:_identify(src/dongsoo_vision_pkg) by extension 'ros'
[0.174s] DEBUG:colcon.colcon_core.package_identification:Package 'src/dongsoo_vision_pkg' with type 'ros.ament_python' and name 'dongsoo_vision_pkg'
[0.174s] Level 1:colcon.colcon_core.package_discovery:discover_packages(recursive) using defaults
[0.174s] Level 1:colcon.colcon_core.package_discovery:discover_packages(ignore) discover
[0.174s] Level 1:colcon.colcon_core.package_discovery:discover_packages(ignore) using defaults
[0.174s] Level 1:colcon.colcon_core.package_discovery:discover_packages(path) discover
[0.174s] Level 1:colcon.colcon_core.package_discovery:discover_packages(path) using defaults
[0.186s] INFO:colcon.colcon_core.package_selection:Skipping not selected package 'dongsoo_description' in 'src/dongsoo_description'
[0.186s] INFO:colcon.colcon_core.package_selection:Skipping not selected package 'dongsoo_vision_pkg' in 'src/dongsoo_vision_pkg'
[0.186s] INFO:colcon.colcon_core.package_selection:Skipping not selected package 'dongsoo_control_pkg' in 'src/dongsoo_control_pkg'
[0.187s] Level 1:colcon.colcon_core.package_discovery:discover_packages(prefix_path) check parameters
[0.187s] Level 1:colcon.colcon_core.package_discovery:discover_packages(prefix_path) discover
[0.188s] DEBUG:colcon.colcon_installed_package_information.package_discovery:Found 2 installed packages in /home/pc/zrobot_ws/install
[0.188s] DEBUG:colcon.colcon_installed_package_information.package_discovery:Found 0 installed packages in /home/pc/teensy_ws/install
[0.188s] DEBUG:colcon.colcon_installed_package_information.package_discovery:Found 4 installed packages in /home/pc/cont_ws/install
[0.189s] DEBUG:colcon.colcon_installed_package_information.package_discovery:Found 5 installed packages in /home/pc/mg_motor_ws/install
[0.189s] DEBUG:colcon.colcon_installed_package_information.package_discovery:Found 4 installed packages in /home/pc/soomac_ws/install
[0.189s] DEBUG:colcon.colcon_installed_package_information.package_discovery:Found 272 installed packages in /opt/ros/humble
[0.190s] Level 1:colcon.colcon_core.package_discovery:discover_packages(prefix_path) using defaults
[0.205s] WARNING:colcon.colcon_core.package_selection:Some selected packages are already built in one or more underlay workspaces:
	'dongsoo_interfaces' is in: /home/pc/soomac_ws/install/dongsoo_interfaces
If a package in a merged underlay workspace is overridden and it installs headers, then all packages in the overlay must sort their include directories by workspace order. Failure to do so may result in build failures or undefined behavior at run time.
If the overridden package is used by another package in any underlay, then the overriding package in the overlay must be API and ABI compatible or undefined behavior at run time may occur.

If you understand the risks and want to override a package anyways, add the following to the command line:
	--allow-overriding dongsoo_interfaces

This may be promoted to an error in a future release of colcon-override-check.
[0.205s] Level 5:colcon.colcon_core.verb:set package 'dongsoo_interfaces' build argument 'cmake_args' from command line to 'None'
[0.205s] Level 5:colcon.colcon_core.verb:set package 'dongsoo_interfaces' build argument 'cmake_target' from command line to 'None'
[0.205s] Level 5:colcon.colcon_core.verb:set package 'dongsoo_interfaces' build argument 'cmake_target_skip_unavailable' from command line to 'False'
[0.205s] Level 5:colcon.colcon_core.verb:set package 'dongsoo_interfaces' build argument 'cmake_clean_cache' from command line to 'False'
[0.205s] Level 5:colcon.colcon_core.verb:set package 'dongsoo_interfaces' build argument 'cmake_clean_first' from command line to 'False'
[0.205s] Level 5:colcon.colcon_core.verb:set package 'dongsoo_interfaces' build argument 'cmake_force_configure' from command line to 'False'
[0.205s] Level 5:colcon.colcon_core.verb:set package 'dongsoo_interfaces' build argument 'ament_cmake_args' from command line to 'None'
[0.205s] Level 5:colcon.colcon_core.verb:set package 'dongsoo_interfaces' build argument 'catkin_cmake_args' from command line to 'None'
[0.205s] Level 5:colcon.colcon_core.verb:set package 'dongsoo_interfaces' build argument 'catkin_skip_building_tests' from command line to 'False'
[0.205s] DEBUG:colcon.colcon_core.verb:Building package 'dongsoo_interfaces' with the following arguments: {'ament_cmake_args': None, 'build_base': '/home/pc/soomac_ws/build/dongsoo_interfaces', 'catkin_cmake_args': None, 'catkin_skip_building_tests': False, 'cmake_args': None, 'cmake_clean_cache': False, 'cmake_clean_first': False, 'cmake_force_configure': False, 'cmake_target': None, 'cmake_target_skip_unavailable': False, 'install_base': '/home/pc/soomac_ws/install/dongsoo_interfaces', 'merge_install': False, 'path': '/home/pc/soomac_ws/src/dongsoo_interfaces', 'symlink_install': False, 'test_result_base': None}
[0.205s] INFO:colcon.colcon_core.executor:Executing jobs using 'parallel' executor
[0.206s] DEBUG:colcon.colcon_parallel_executor.executor.parallel:run_until_complete
[0.206s] INFO:colcon.colcon_ros.task.ament_cmake.build:Building ROS package in '/home/pc/soomac_ws/src/dongsoo_interfaces' with build type 'ament_cmake'
[0.206s] INFO:colcon.colcon_cmake.task.cmake.build:Building CMake package in '/home/pc/soomac_ws/src/dongsoo_interfaces'
[0.208s] INFO:colcon.colcon_core.plugin_system:Skipping extension 'colcon_core.shell.bat': Not used on non-Windows systems
[0.208s] INFO:colcon.colcon_core.shell:Skip shell extension 'powershell' for command environment: Not usable outside of PowerShell
[0.208s] DEBUG:colcon.colcon_core.shell:Skip shell extension 'dsv' for command environment
[0.213s] DEBUG:colcon.colcon_core.event_handler.log_command:Invoking command in '/home/pc/soomac_ws/build/dongsoo_interfaces': CMAKE_PREFIX_PATH=${CMAKE_PREFIX_PATH}:/home/pc/zrobot_ws/install/arm_test_pkg:/home/pc/cont_ws/install/torque_test_pkg:/home/pc/cont_ws/install/finger_pkg:/home/pc/cont_ws/install/control_continuum:/home/pc/mg_motor_ws/install/mg_test_pkg:/home/pc/mg_motor_ws/install/mg_motor_test:/home/pc/mg_motor_ws/install/homework_pkg:/home/pc/mg_motor_ws/install/head_moving:/home/pc/soomac_ws/install/dongsoo_vision_pkg:/home/pc/soomac_ws/install/dongsoo_control_pkg:/opt/ros/humble /usr/bin/cmake /home/pc/soomac_ws/src/dongsoo_interfaces -DCMAKE_INSTALL_PREFIX=/home/pc/soomac_ws/install/dongsoo_interfaces
[0.821s] DEBUG:colcon.colcon_core.event_handler.log_command:Invoked command in '/home/pc/soomac_ws/build/dongsoo_interfaces' returned '0': CMAKE_PREFIX_PATH=${CMAKE_PREFIX_PATH}:/home/pc/zrobot_ws/install/arm_test_pkg:/home/pc/cont_ws/install/torque_test_pkg:/home/pc/cont_ws/install/finger_pkg:/home/pc/cont_ws/install/control_continuum:/home/pc/mg_motor_ws/install/mg_test_pkg:/home/pc/mg_motor_ws/install/mg_motor_test:/home/pc/mg_motor_ws/install/homework_pkg:/home/pc/mg_motor_ws/install/head_moving:/home/pc/soomac_ws/install/dongsoo_vision_pkg:/home/pc/soomac_ws/install/dongsoo_control_pkg:/opt/ros/humble /usr/bin/cmake /home/pc/soomac_ws/src/dongsoo_interfaces -DCMAKE_INSTALL_PREFIX=/home/pc/soomac_ws/install/dongsoo_interfaces
[0.822s] DEBUG:colcon.colcon_core.event_handler.log_command:Invoking command in '/home/pc/soomac_ws/build/dongsoo_interfaces': CMAKE_PREFIX_PATH=${CMAKE_PREFIX_PATH}:/home/pc/zrobot_ws/install/arm_test_pkg:/home/pc/cont_ws/install/torque_test_pkg:/home/pc/cont_ws/install/finger_pkg:/home/pc/cont_ws/install/control_continuum:/home/pc/mg_motor_ws/install/mg_test_pkg:/home/pc/mg_motor_ws/install/mg_motor_test:/home/pc/mg_motor_ws/install/homework_pkg:/home/pc/mg_motor_ws/install/head_moving:/home/pc/soomac_ws/install/dongsoo_vision_pkg:/home/pc/soomac_ws/install/dongsoo_control_pkg:/opt/ros/humble /usr/bin/cmake --build /home/pc/soomac_ws/build/dongsoo_interfaces -- -j32 -l32
[1.363s] DEBUG:colcon.colcon_core.event_handler.log_command:Invoked command in '/home/pc/soomac_ws/build/dongsoo_interfaces' returned '0': CMAKE_PREFIX_PATH=${CMAKE_PREFIX_PATH}:/home/pc/zrobot_ws/install/arm_test_pkg:/home/pc/cont_ws/install/torque_test_pkg:/home/pc/cont_ws/install/finger_pkg:/home/pc/cont_ws/install/control_continuum:/home/pc/mg_motor_ws/install/mg_test_pkg:/home/pc/mg_motor_ws/install/mg_motor_test:/home/pc/mg_motor_ws/install/homework_pkg:/home/pc/mg_motor_ws/install/head_moving:/home/pc/soomac_ws/install/dongsoo_vision_pkg:/home/pc/soomac_ws/install/dongsoo_control_pkg:/opt/ros/humble /usr/bin/cmake --build /home/pc/soomac_ws/build/dongsoo_interfaces -- -j32 -l32
[1.368s] DEBUG:colcon.colcon_core.event_handler.log_command:Invoking command in '/home/pc/soomac_ws/build/dongsoo_interfaces': CMAKE_PREFIX_PATH=${CMAKE_PREFIX_PATH}:/home/pc/zrobot_ws/install/arm_test_pkg:/home/pc/cont_ws/install/torque_test_pkg:/home/pc/cont_ws/install/finger_pkg:/home/pc/cont_ws/install/control_continuum:/home/pc/mg_motor_ws/install/mg_test_pkg:/home/pc/mg_motor_ws/install/mg_motor_test:/home/pc/mg_motor_ws/install/homework_pkg:/home/pc/mg_motor_ws/install/head_moving:/home/pc/soomac_ws/install/dongsoo_vision_pkg:/home/pc/soomac_ws/install/dongsoo_control_pkg:/opt/ros/humble /usr/bin/cmake --install /home/pc/soomac_ws/build/dongsoo_interfaces
[1.405s] Level 1:colcon.colcon_core.environment:create_environment_scripts_only(dongsoo_interfaces)
[1.406s] DEBUG:colcon.colcon_core.event_handler.log_command:Invoked command in '/home/pc/soomac_ws/build/dongsoo_interfaces' returned '0': CMAKE_PREFIX_PATH=${CMAKE_PREFIX_PATH}:/home/pc/zrobot_ws/install/arm_test_pkg:/home/pc/cont_ws/install/torque_test_pkg:/home/pc/cont_ws/install/finger_pkg:/home/pc/cont_ws/install/control_continuum:/home/pc/mg_motor_ws/install/mg_test_pkg:/home/pc/mg_motor_ws/install/mg_motor_test:/home/pc/mg_motor_ws/install/homework_pkg:/home/pc/mg_motor_ws/install/head_moving:/home/pc/soomac_ws/install/dongsoo_vision_pkg:/home/pc/soomac_ws/install/dongsoo_control_pkg:/opt/ros/humble /usr/bin/cmake --install /home/pc/soomac_ws/build/dongsoo_interfaces
[1.408s] Level 1:colcon.colcon_core.environment:checking '/home/pc/soomac_ws/install/dongsoo_interfaces' for CMake module files
[1.409s] Level 1:colcon.colcon_core.environment:checking '/home/pc/soomac_ws/install/dongsoo_interfaces' for CMake config files
[1.409s] Level 1:colcon.colcon_core.shell:create_environment_hook('dongsoo_interfaces', 'cmake_prefix_path')
[1.409s] INFO:colcon.colcon_core.shell:Creating environment hook '/home/pc/soomac_ws/install/dongsoo_interfaces/share/dongsoo_interfaces/hook/cmake_prefix_path.ps1'
[1.410s] INFO:colcon.colcon_core.shell:Creating environment descriptor '/home/pc/soomac_ws/install/dongsoo_interfaces/share/dongsoo_interfaces/hook/cmake_prefix_path.dsv'
[1.410s] INFO:colcon.colcon_core.shell:Creating environment hook '/home/pc/soomac_ws/install/dongsoo_interfaces/share/dongsoo_interfaces/hook/cmake_prefix_path.sh'
[1.411s] Level 1:colcon.colcon_core.environment:checking '/home/pc/soomac_ws/install/dongsoo_interfaces/lib'
[1.411s] Level 1:colcon.colcon_core.shell:create_environment_hook('dongsoo_interfaces', 'ld_library_path_lib')
[1.411s] INFO:colcon.colcon_core.shell:Creating environment hook '/home/pc/soomac_ws/install/dongsoo_interfaces/share/dongsoo_interfaces/hook/ld_library_path_lib.ps1'
[1.411s] INFO:colcon.colcon_core.shell:Creating environment descriptor '/home/pc/soomac_ws/install/dongsoo_interfaces/share/dongsoo_interfaces/hook/ld_library_path_lib.dsv'
[1.411s] INFO:colcon.colcon_core.shell:Creating environment hook '/home/pc/soomac_ws/install/dongsoo_interfaces/share/dongsoo_interfaces/hook/ld_library_path_lib.sh'
[1.411s] Level 1:colcon.colcon_core.environment:checking '/home/pc/soomac_ws/install/dongsoo_interfaces/bin'
[1.411s] Level 1:colcon.colcon_core.environment:checking '/home/pc/soomac_ws/install/dongsoo_interfaces/lib/pkgconfig/dongsoo_interfaces.pc'
[1.411s] Level 1:colcon.colcon_core.environment:checking '/home/pc/soomac_ws/install/dongsoo_interfaces/lib/python3.10/site-packages'
[1.412s] Level 1:colcon.colcon_core.environment:checking '/home/pc/soomac_ws/install/dongsoo_interfaces/bin'
[1.412s] INFO:colcon.colcon_core.shell:Creating package script '/home/pc/soomac_ws/install/dongsoo_interfaces/share/dongsoo_interfaces/package.ps1'
[1.412s] INFO:colcon.colcon_core.shell:Creating package descriptor '/home/pc/soomac_ws/install/dongsoo_interfaces/share/dongsoo_interfaces/package.dsv'
[1.412s] INFO:colcon.colcon_core.shell:Creating package script '/home/pc/soomac_ws/install/dongsoo_interfaces/share/dongsoo_interfaces/package.sh'
[1.413s] INFO:colcon.colcon_core.shell:Creating package script '/home/pc/soomac_ws/install/dongsoo_interfaces/share/dongsoo_interfaces/package.bash'
[1.413s] INFO:colcon.colcon_core.shell:Creating package script '/home/pc/soomac_ws/install/dongsoo_interfaces/share/dongsoo_interfaces/package.zsh'
[1.413s] Level 1:colcon.colcon_core.environment:create_file_with_runtime_dependencies(/home/pc/soomac_ws/install/dongsoo_interfaces/share/colcon-core/packages/dongsoo_interfaces)
[1.414s] Level 1:colcon.colcon_core.environment:create_environment_scripts_only(dongsoo_interfaces)
[1.414s] Level 1:colcon.colcon_core.environment:checking '/home/pc/soomac_ws/install/dongsoo_interfaces' for CMake module files
[1.414s] Level 1:colcon.colcon_core.environment:checking '/home/pc/soomac_ws/install/dongsoo_interfaces' for CMake config files
[1.414s] Level 1:colcon.colcon_core.shell:create_environment_hook('dongsoo_interfaces', 'cmake_prefix_path')
[1.414s] INFO:colcon.colcon_core.shell:Creating environment hook '/home/pc/soomac_ws/install/dongsoo_interfaces/share/dongsoo_interfaces/hook/cmake_prefix_path.ps1'
[1.414s] INFO:colcon.colcon_core.shell:Creating environment descriptor '/home/pc/soomac_ws/install/dongsoo_interfaces/share/dongsoo_interfaces/hook/cmake_prefix_path.dsv'
[1.414s] INFO:colcon.colcon_core.shell:Creating environment hook '/home/pc/soomac_ws/install/dongsoo_interfaces/share/dongsoo_interfaces/hook/cmake_prefix_path.sh'
[1.415s] Level 1:colcon.colcon_core.environment:checking '/home/pc/soomac_ws/install/dongsoo_interfaces/lib'
[1.415s] Level 1:colcon.colcon_core.shell:create_environment_hook('dongsoo_interfaces', 'ld_library_path_lib')
[1.415s] INFO:colcon.colcon_core.shell:Creating environment hook '/home/pc/soomac_ws/install/dongsoo_interfaces/share/dongsoo_interfaces/hook/ld_library_path_lib.ps1'
[1.415s] INFO:colcon.colcon_core.shell:Creating environment descriptor '/home/pc/soomac_ws/install/dongsoo_interfaces/share/dongsoo_interfaces/hook/ld_library_path_lib.dsv'
[1.415s] INFO:colcon.colcon_core.shell:Creating environment hook '/home/pc/soomac_ws/install/dongsoo_interfaces/share/dongsoo_interfaces/hook/ld_library_path_lib.sh'
[1.415s] Level 1:colcon.colcon_core.environment:checking '/home/pc/soomac_ws/install/dongsoo_interfaces/bin'
[1.415s] Level 1:colcon.colcon_core.environment:checking '/home/pc/soomac_ws/install/dongsoo_interfaces/lib/pkgconfig/dongsoo_interfaces.pc'
[1.415s] Level 1:colcon.colcon_core.environment:checking '/home/pc/soomac_ws/install/dongsoo_interfaces/lib/python3.10/site-packages'
[1.415s] Level 1:colcon.colcon_core.environment:checking '/home/pc/soomac_ws/install/dongsoo_interfaces/bin'
[1.416s] INFO:colcon.colcon_core.shell:Creating package script '/home/pc/soomac_ws/install/dongsoo_interfaces/share/dongsoo_interfaces/package.ps1'
[1.416s] INFO:colcon.colcon_core.shell:Creating package descriptor '/home/pc/soomac_ws/install/dongsoo_interfaces/share/dongsoo_interfaces/package.dsv'
[1.416s] INFO:colcon.colcon_core.shell:Creating package script '/home/pc/soomac_ws/install/dongsoo_interfaces/share/dongsoo_interfaces/package.sh'
[1.416s] INFO:colcon.colcon_core.shell:Creating package script '/home/pc/soomac_ws/install/dongsoo_interfaces/share/dongsoo_interfaces/package.bash'
[1.416s] INFO:colcon.colcon_core.shell:Creating package script '/home/pc/soomac_ws/install/dongsoo_interfaces/share/dongsoo_interfaces/package.zsh'
[1.416s] Level 1:colcon.colcon_core.environment:create_file_with_runtime_dependencies(/home/pc/soomac_ws/install/dongsoo_interfaces/share/colcon-core/packages/dongsoo_interfaces)
[1.416s] DEBUG:colcon.colcon_parallel_executor.executor.parallel:closing loop
[1.417s] DEBUG:colcon.colcon_parallel_executor.executor.parallel:loop closed
[1.417s] DEBUG:colcon.colcon_parallel_executor.executor.parallel:run_until_complete finished with '0'
[1.417s] DEBUG:colcon.colcon_core.event_reactor:joining thread
[1.420s] INFO:colcon.colcon_core.plugin_system:Skipping extension 'colcon_notification.desktop_notification.terminal_notifier': Not used on non-Darwin systems
[1.420s] INFO:colcon.colcon_core.plugin_system:Skipping extension 'colcon_notification.desktop_notification.win32': Not used on non-Windows systems
[1.420s] INFO:colcon.colcon_notification.desktop_notification:Sending desktop notification using 'notify2'
[1.426s] DEBUG:colcon.colcon_core.event_reactor:joined thread
[1.426s] INFO:colcon.colcon_core.shell:Creating prefix script '/home/pc/soomac_ws/install/local_setup.ps1'
[1.426s] INFO:colcon.colcon_core.shell:Creating prefix util module '/home/pc/soomac_ws/install/_local_setup_util_ps1.py'
[1.427s] INFO:colcon.colcon_core.shell:Creating prefix chain script '/home/pc/soomac_ws/install/setup.ps1'
[1.427s] INFO:colcon.colcon_core.shell:Creating prefix script '/home/pc/soomac_ws/install/local_setup.sh'
[1.428s] INFO:colcon.colcon_core.shell:Creating prefix util module '/home/pc/soomac_ws/install/_local_setup_util_sh.py'
[1.428s] INFO:colcon.colcon_core.shell:Creating prefix chain script '/home/pc/soomac_ws/install/setup.sh'
[1.429s] INFO:colcon.colcon_core.shell:Creating prefix script '/home/pc/soomac_ws/install/local_setup.bash'
[1.429s] INFO:colcon.colcon_core.shell:Creating prefix chain script '/home/pc/soomac_ws/install/setup.bash'
[1.429s] INFO:colcon.colcon_core.shell:Creating prefix script '/home/pc/soomac_ws/install/local_setup.zsh'
[1.430s] INFO:colcon.colcon_core.shell:Creating prefix chain script '/home/pc/soomac_ws/install/setup.zsh'
