{
    "name": "test19",
    "pixel_coords": [
        [
            [
                391,
                524
            ],
            [
                429,
                245
            ]
        ],
        [
            [
                662,
                523
            ],
            [
                430,
                245
            ]
        ],
        [
            [
                662,
                524
            ],
            [
                603,
                505
            ]
        ]
    ],
    "world_coords": [
        [
            [
                -184.29893493652344,
                121.70115661621094,
                461.0
            ],
            [
                -152.93963623046875,
                -76.48716735839844,
                449.0
            ]
        ],
        [
            [
                10.19214916229248,
                120.98347473144531,
                461.0
            ],
            [
                -152.9187774658203,
                -76.82787322998047,
                451.0
            ]
        ],
        [
            [
                10.214258193969727,
                121.96514892578125,
                462.0
            ],
            [
                -31.314027786254883,
                105.25226593017578,
                449.0
            ]
        ]
    ],
    "steps": [
        {
            "pick": 0,
            "place": [
                10.19214916229248,
                120.98347473144531,
                461.0
            ]
        },
        {
            "pick": 1,
            "place": [
                -41.52828598022461,
                -16.71288299560547,
                -13.0
            ]
        }
    ]
}