{
    "name": "test18",
    "pixel_coords": [
        [
            [
                298,
                531
            ]
        ],
        [
            [
                714,
                546
            ]
        ]
    ],
    "world_coords": [
        [
            [
                -251.04310607910156,
                126.72491455078125,
                461.0
            ]
        ],
        [
            [
                47.511474609375,
                137.49009704589844,
                461.0
            ]
        ]
    ],
    "steps": [
        {
            "pick": 0,
            "place": [
                298.55458068847656,
                10.765182495117188,
                0.0
            ]
        }
    ]
}