{
    "name": "test8",
    "pixel_coords": [
        [
            [
                -212.493896484375,
                119.20836639404297,
                471.0
            ]
        ],
        [
            [
                -40.59300231933594,
                1502.2191162109375,
                5434.0
            ]
        ]
    ],
    "world_coords": [
        [
            [
                -212.493896484375,
                119.20836639404297,
                471.0
            ]
        ],
        [
            [
                -40.59300231933594,
                1502.2191162109375,
                5434.0
            ]
        ]
    ],
    "steps": [
        {
            "pick": 0,
            "place": [
                171.90089416503906,
                1383.0107498168945,
                4963.0
            ]
        }
    ]
}